,Opponent,Color,Accuracy,AvgLoss,Blunders,Mistakes,Inaccuracies,TotalMoves,Normalized AvgLoss
0,tobisenpaii,Black,78.9,85.4,2,8,5,37,9.241212041718338
1,LeobelLuis,White,84.0,86.5,3,4,4,28,9.300537618869138
2,mpetrashev,White,84.8,69.1,2,8,11,55,8.312640976248161
3,Jesuino,Black,81.9,109.2,10,7,12,55,10.449880382090505
4,ShadowoftheKing29,Black,86.4,71.9,3,1,5,23,8.47938677028003
5,Caslav63,White,76.5,142.8,5,4,4,36,11.949895397031725
6,Kay26,Black,95.0,28.2,1,0,1,13,5.310367218940701
7,uthpalawe,White,69.9,141.5,2,2,5,13,11.895377253370318
8,FRG1974,White,77.8,89.2,3,8,5,34,9.444575162494075
9,FRG1974,Black,88.7,37.6,1,0,4,21,6.131883886702357
10,FRG1974,White,87.5,74.2,2,5,5,46,8.613942186943213
11,E_Lane_22,White,75.8,105.9,3,6,12,35,10.290772565750348
12,Natigol9,White,78.0,93.6,4,5,5,33,9.674709297958259
13,king_slayer101,White,85.8,47.4,1,2,5,25,6.884765791223402
14,Atheist1983,Black,91.5,31.3,1,0,4,23,5.594640292279746
15,krikant,White,76.1,121.8,4,12,8,45,11.036303729057115
16,krikant,Black,89.9,54.4,6,3,6,65,7.37563556583431
17,SuperFork,White,80.0,123.2,4,2,4,28,11.099549540409287
18,tdfq,Black,86.1,63.3,2,1,0,20,7.956129712366434
19,behnam20,Black,81.1,103.3,3,5,8,36,10.16366075781753
20,Domjur,Black,80.4,101.2,4,0,4,17,10.059821071967434
21,SalemAlharbi,White,70.0,155.2,4,10,7,32,12.457929201917949
22,Avar11ce,White,78.3,82.2,1,4,4,23,9.06642156531451
23,RonaldCrisanto,Black,84.6,82.0,1,10,9,31,9.055385138137417
24,Etternauta,White,80.8,122.9,3,4,5,32,11.086027241532468
25,ousou,Black,84.7,64.7,2,6,4,30,8.043631020876083
26,comocaig,White,89.0,31.9,0,1,4,18,5.648008498577175
27,prakhar26,Black,87.9,37.9,1,2,3,26,6.156297588648554
28,Schachschlumpf1990,White,81.3,114.1,2,5,8,34,10.681760154581266
29,Umeshkhengae,Black,84.5,91.8,2,7,2,28,9.581231653602787
30,Elisardo_G,White,81.0,86.5,1,3,1,13,9.300537618869138
31,Spachtelmasse,Black,83.7,62.0,2,4,2,22,7.874007874011811
32,UgolnikovTAIS1w,White,82.9,87.4,2,3,2,17,9.348796714016196
33,Masal_10,Black,80.1,84.1,4,3,2,24,9.1706052144883
34,HasTab1950,White,76.5,111.3,2,4,2,23,10.549881515922348
35,hafn,White,81.9,54.6,0,1,2,7,7.389181280764467
36,slesar2000,Black,84.4,106.9,7,3,7,51,10.339245620450265
37,Fredrixe1,White,87.8,49.7,0,7,7,44,7.049822692805827
38,ahmadkvr,Black,77.2,103.3,3,5,1,27,10.16366075781753
39,mergen75,White,81.5,114.4,3,8,4,39,10.69579356569675
40,chessooli,Black,78.7,97.8,3,0,2,16,9.889388252060893
41,jumabek1965,White,85.1,84.4,1,15,7,45,9.186947262284681
42,rizwanch,Black,88.8,26.1,0,0,6,23,5.10881590977792
43,Pandoradevr,White,80.9,106.5,3,13,6,47,10.319883720275147
44,SCFYao,Black,87.1,64.4,6,8,7,67,8.024961059095553
45,braybra,White,85.1,76.0,3,4,4,34,8.717797887081348
46,Pat0426,Black,75.9,76.9,2,8,9,30,8.769264507357502
47,Pat0426,White,88.0,39.9,0,2,5,19,6.316644678941502
48,rajuchevez,Black,87.7,80.6,5,4,5,47,8.977750274985375
49,fahmi_CMC,White,76.0,125.3,6,16,8,55,11.193748255164577
50,Danidaniel0998,Black,80.3,70.5,3,4,11,33,8.396427811873332
51,Erol_John_Bolivar,White,96.2,39.3,0,6,6,38,6.268971207462991
52,bouazza32,Black,82.4,90.6,5,4,7,36,9.518403227432634
53,CyBerTOOth131,White,83.2,91.9,4,9,9,50,9.586448768965493
54,tanker1988,Black,89.3,46.5,4,5,11,70,6.819090848492928
55,tanker1988,White,87.2,36.7,0,2,1,14,6.058052492344384
56,tanker1988,Black,79.3,142.9,10,8,7,44,11.954078801814886
57,tanker1988,White,87.0,67.8,1,11,7,40,8.23407554009556
58,yigitsuzen,Black,84.8,69.4,4,1,2,28,8.330666239863412
59,Asaad010,White,77.6,135.9,5,5,3,29,11.65761553663527
60,laibnoureddine,Black,71.4,163.2,12,2,5,35,12.77497553813705
61,patacee,Black,74.9,133.5,6,7,5,37,11.554220008291344
62,BGS64,Black,81.1,71.6,2,5,7,28,8.461678320522472
63,Amberdust,White,79.8,87.5,2,6,4,33,9.354143466934854
64,Sharma74,White,83.3,77.7,2,6,7,38,8.814760348415605
65,Badri_strong01,Black,89.0,107.2,5,6,0,25,10.353743284435827
66,NIceGm1,White,81.0,139.7,2,2,1,18,11.819475453673906
67,contern,White,94.2,31.5,0,4,2,37,5.612486080160912
68,Topadora33,Black,80.1,102.1,5,3,9,39,10.104454463255301
69,Topadora33,White,91.5,32.7,0,2,4,23,5.718391382198319
70,Walid_Aiach28,Black,92.6,45.9,1,2,4,31,6.774953874381729
71,Serggg23,Black,91.2,46.6,1,3,7,31,6.826419266350405
72,Jhon90,White,88.3,73.9,1,5,5,30,8.596510920134982
73,orraz,Black,84.1,53.5,0,3,4,18,7.314369419163897
74,GestaMarkLester,Black,88.9,42.3,2,1,4,32,6.5038450166036395
75,Thesikan,White,83.4,52.4,0,2,6,20,7.238784428341543
76,Miles_Maccall,Black,80.7,85.9,3,1,4,25,9.268225288586807
77,Lewyk13,White,87.7,34.9,0,2,5,23,5.9076221950967716
78,CinderWasps,White,95.8,9.8,0,0,2,19,3.1304951684997055
79,sonemonu,Black,80.5,71.9,3,8,11,49,8.47938677028003
80,poortony,White,72.1,185.0,3,2,4,18,13.601470508735444
81,PotatoGuardian,Black,81.4,95.1,5,5,3,39,9.751922887307918
82,Rahmanov96,White,75.4,103.3,3,7,2,25,10.16366075781753
83,kaka_singa,Black,87.9,38.4,0,3,2,20,6.196773353931867
84,Kerlinger,Black,79.6,79.9,4,11,10,47,8.938679992034618
85,MansTheBear,White,87.0,65.7,1,7,7,38,8.105553651663778
86,brown1Sebo,White,79.6,79.5,1,5,4,21,8.916277250063503
87,tigerpanter,Black,85.1,89.1,4,1,6,23,9.439279633531363
88,zapaltzen,Black,95.6,20.7,0,0,4,26,4.54972526643093
89,Maestro_20,White,77.6,93.4,4,11,6,42,9.664367542679656
90,DANI21,Black,84.6,71.0,3,8,8,40,8.426149773176359
91,ChippeRock,White,82.6,76.8,1,3,2,18,8.763560920082657
92,ChippeRock,Black,70.7,151.6,4,4,2,18,12.312595177297109
93,ChippeRock,White,89.1,71.4,2,10,9,50,8.449852069711044
94,josuers13,Black,76.2,168.9,3,6,7,28,12.996153277027783
95,lasced,White,85.9,82.3,4,19,7,67,9.071934744033381
96,Amin_Malik203,White,82.7,82.0,3,11,3,44,9.055385138137417
97,Amin_Malik203,Black,81.3,69.5,2,3,1,19,8.336666000266533
98,Liugo2022,Black,87.4,50.3,3,3,10,43,7.092249290598858
99,ramirezpiscina,Black,81.8,69.8,5,5,9,46,8.35463942968217
100,xyth,White,79.8,88.8,2,6,3,28,9.423375191511797
101,ferasnalomar,White,78.8,113.0,1,1,3,12,10.63014581273465
102,formiddleground,Black,89.6,66.8,5,7,12,58,8.17312669668102
103,carpena,White,74.3,132.9,1,5,1,11,11.52822622956368
104,tvh16,Black,80.6,103.7,3,3,3,31,10.183319694480774
105,BraBraIam,Black,81.4,125.6,2,1,3,16,11.20714058089752
106,blunderexmachina,White,78.2,104.7,8,14,11,65,10.232301793829187
107,sherifalnhas,Black,89.5,60.5,1,10,12,50,7.7781745930520225
108,iamchideyarufaro,White,79.9,88.2,2,2,4,16,9.391485505499118
109,LEARNING101ANDSOME,White,73.7,143.2,7,11,5,36,11.966620241321273
110,chessriddler,Black,82.2,72.1,6,0,8,34,8.491171886141512
111,Atlant9191,White,81.1,63.2,0,4,5,21,7.9498427657407165
112,minioo,Black,90.3,52.4,8,6,8,76,7.238784428341543
113,Vega13,Black,72.3,120.7,5,6,7,35,10.986355173577815
114,emilioayacucho,White,82.2,80.4,5,8,3,51,8.966604708583958
115,piter077,Black,85.1,72.3,2,6,4,31,8.502940667792526
116,bobby_niche,White,81.7,104.2,4,9,9,52,10.207840124139876
117,paggaio,White,84.7,68.7,2,5,8,49,8.28854631404084
118,Mysholov,Black,82.6,77.6,2,3,3,16,8.809086218218097
119,Klapperschlange,White,84.1,51.5,0,4,3,14,7.176350047203662
120,emi999,Black,82.8,114.2,4,3,2,14,10.686440005914037
121,BeaDie90,White,92.5,60.6,1,5,5,29,7.784600182411426
122,OogwayBelieves,Black,88.8,71.0,6,4,2,48,8.426149773176359
123,Mrjones327,White,89.9,32.5,0,1,0,13,5.70087712549569
124,CHECKMATE55USA,Black,96.1,30.6,2,7,4,68,5.531726674375733
125,Brun16,White,84.9,75.5,3,7,7,47,8.689073598491383
126,Mariano_Divio,White,79.3,123.6,6,9,7,54,11.117553687749837
127,Mariano_Divio,Black,87.9,68.1,4,4,7,44,8.252272414311102
128,NidzaJabuka,White,86.0,85.1,4,5,9,50,9.22496612459905
129,MohamadAlameddine,White,87.0,68.8,2,11,8,53,8.294576541331088
130,Vuma,White,85.3,51.6,1,1,1,13,7.183313998427188
131,WuLion,Black,74.2,96.6,3,5,2,19,9.828529900244492
132,WuLion,White,80.1,71.8,1,5,3,23,8.473488065725943
133,WuLion,Black,78.1,113.3,6,11,4,33,10.644247272588137
134,janekis,Black,67.9,170.2,10,5,7,37,13.046072205840346
135,chinedu522,White,81.2,93.8,3,2,3,24,9.6850400102426
136,Topadora33,White,86.0,58.7,0,8,6,33,7.661592523751182
137,HAMZA_BOUTCHICH,White,80.4,78.9,1,10,7,34,8.882567196480982
138,dark_angel_rinat,Black,90.3,33.0,3,5,6,90,5.744562646538029
139,casadr,Black,87.2,48.0,2,4,4,49,6.928203230275509
140,yarusskiysomnoybog,White,78.2,75.4,1,8,6,36,8.683317338436964
141,Conquer200,White,94.2,22.3,0,3,2,36,4.722287581247038
142,AttractorScott,Black,84.0,77.9,3,7,5,35,8.826097665446492
143,Expanding-Limits,Black,77.3,113.0,7,5,4,43,10.63014581273465
144,POL2100,White,92.2,46.5,3,2,4,50,6.819090848492928
145,POL2100,Black,79.4,135.4,9,5,5,37,11.636150566231086
146,POL2100,White,76.3,107.2,3,5,1,26,10.353743284435827
147,POL2100,Black,70.9,148.5,9,10,5,40,12.186057606953941
148,juskeepgoing,White,82.8,69.1,2,5,4,33,8.312640976248161
149,binenbojm,Black,78.8,99.6,2,2,5,17,9.979979959899719
150,binenbojm,White,77.2,93.5,4,15,7,57,9.669539802906858
151,binenbojm,Black,76.5,97.6,3,10,3,35,9.879271228182775
152,Ryobrishko,White,88.0,65.6,3,7,6,57,8.099382692526634
153,dochedi,Black,82.3,73.1,5,4,4,37,8.549853799919621
154,Lord_Gin,Black,77.2,115.6,9,9,15,55,10.75174404457249
155,jin_kafirrr,White,96.9,24.7,1,2,2,39,4.969909455915671
156,yoclaudiotarta,White,87.5,48.4,0,4,5,24,6.957010852370434
157,kng777,Black,83.5,95.9,3,1,3,33,9.792854537876073
158,BodiKneg,Black,81.8,69.9,3,6,7,36,8.360621986431392
159,ferdinand_dc,White,83.2,81.3,7,6,6,58,9.016651263079881
160,Shriku10,White,87.4,43.9,0,4,3,24,6.6257075093909785
161,AndreyNovosibirsk154,Black,76.8,134.2,8,2,4,24,11.584472366059664
162,kennyZed,Black,87.4,35.4,0,1,7,25,5.9497899122574065
163,BlackGinger,Black,80.7,87.2,3,2,4,25,9.338094023943002
164,BlackGinger,White,95.5,26.6,1,3,6,47,5.157518783291051
165,HUGORV,White,88.9,57.7,1,4,4,31,7.5960516059331775
166,pedrol751019,Black,79.1,73.4,3,8,8,38,8.567379996241558
167,MARQUET21,White,80.2,89.6,3,6,3,34,9.465727652959385
168,Nakcls,Black,81.1,107.0,5,12,8,41,10.344080432788601
169,YatTim,White,78.0,93.2,1,5,2,14,9.654014708917737
170,Rahsulaimon,Black,76.7,113.8,11,9,13,54,10.667708282475669
171,Phantomatee,White,82.9,48.5,0,4,4,23,6.96419413859206
172,X1LONY,White,86.2,65.0,2,5,7,40,8.06225774829855
173,Arhitector182,Black,81.0,99.1,3,2,3,18,9.954898291795853
174,NAJAZ,White,86.7,44.5,0,3,4,27,6.670832032063167
175,Jargalsaikhan_J,Black,81.5,62.7,2,2,3,18,7.918333157931662
176,JaquePsicologico,White,74.3,109.9,1,8,3,23,10.483320084782301
177,BellsDan,White,95.3,24.8,0,3,4,47,4.979959839195493
178,AgoeHalo,Black,81.7,72.5,5,7,9,51,8.514693182963201
179,Shupalov,Black,95.1,28.4,0,2,4,26,5.329165037789691
180,J_Bastian_Manurung,White,83.4,56.0,2,3,2,27,7.483314773547883
181,taparillo,Black,90.1,59.9,5,4,12,63,7.739509028355739
182,Matiur1981,Black,80.3,114.9,8,4,8,46,10.719141756689293
183,MaximChess2022,Black,76.9,89.8,5,6,4,38,9.476286192385707
184,GodsSign,Black,86.0,46.1,3,4,11,59,6.789698078707183
185,giedriusss,White,94.7,28.3,1,4,4,44,5.319774431308154
186,behnampr1356,Black,76.2,118.8,7,3,3,33,10.89954127475097
187,serzinjo,White,86.8,55.8,1,3,5,25,7.469939758793239
188,Rookilicious,White,88.3,75.9,2,3,3,29,8.712060605849802
189,inhumanitas,White,84.8,80.3,3,6,3,30,8.96102672688794
190,Lunatik20,Black,70.0,156.5,10,4,8,34,12.509996003196804
191,Kami778,Black,80.9,111.0,3,3,6,25,10.535653752852738
192,trimbita,White,76.4,160.6,7,6,3,36,12.67280552995271
193,rayonica,Black,77.4,153.2,1,1,0,8,12.37739875741264
194,nicoh1010,Black,82.8,78.4,4,8,9,44,8.854377448471462
195,mohamed_abdelrahman,White,83.4,79.6,2,6,3,28,8.921883209278185
196,nuikak,White,78.6,96.0,3,8,5,30,9.797958971132712
197,antonsoras,Black,80.2,94.0,6,7,4,42,9.695359714832659
198,Peeppo,White,87.9,55.6,1,2,4,26,7.4565407529228995
199,sokolski,Black,79.0,104.3,8,7,5,38,10.21273714534943
200,ittihat87,White,84.3,71.6,0,6,8,27,8.461678320522472
201,ittihat87,Black,79.3,95.7,5,4,3,29,9.78263768111648
202,TheChessFromBatasyon,Black,82.8,112.4,1,1,4,16,10.601886624558858
203,Idldl,Black,78.6,95.5,4,6,6,33,9.772410142846033
204,Brokula,White,96.3,19.3,0,0,3,23,4.39317652729776
205,chopper09,White,75.8,99.8,3,8,11,44,9.989994994993742
206,ronyregen,Black,72.7,182.3,8,0,3,24,13.501851724856113
207,ronyregen,White,84.4,94.8,2,4,1,24,9.736529155710468
208,ronyregen,Black,79.1,125.9,1,2,2,10,11.220516922138659
209,SBE2017,White,85.1,66.7,2,8,6,46,8.167006795638168
210,ami_01,Black,85.5,60.3,2,0,4,24,7.76530746332687
211,ami_01,White,85.8,72.8,1,4,6,26,8.532291603080617
212,mithungopi,Black,82.1,81.5,3,3,3,25,9.027735042633894
213,vinia111,White,79.8,47.8,0,2,3,12,6.913754406977442
214,yasser2018,Black,84.0,64.1,4,4,4,43,8.006247560499238
215,ju4n97,White,82.9,56.5,1,4,4,23,7.516648189186454
216,kalicheember,Black,85.6,76.6,6,6,5,48,8.752142594816426
217,Kings-indian100,White,94.2,36.0,0,6,11,57,6.0
218,chess4fun609,White,96.0,26.3,0,2,5,30,5.128352561983234
219,Not_master,Black,79.9,111.1,5,9,6,30,10.540398474441087
220,JoliePlayerN-1,Black,80.2,134.5,5,6,5,28,11.597413504743201
221,Zendrawasah,White,82.1,69.6,3,5,7,46,8.342661445845684
222,Rechie_14,Black,77.0,146.3,9,3,10,41,12.095453691366853
223,Jolondo,Black,83.2,55.9,1,4,3,26,7.476630257007497
224,ZoaoPindos3,Black,82.9,97.3,6,9,5,48,9.864076236526156
225,Nikona83,White,81.5,97.6,3,8,6,40,9.879271228182775
226,Ruslan_Valriyevich_1,Black,86.1,41.0,1,3,3,26,6.4031242374328485
227,cuernitaarmani,White,84.7,74.6,2,11,11,57,8.637129152675673
228,Rzqabazyd,White,78.2,116.3,3,5,1,27,10.784247771634329
229,ouGeY,Black,78.1,95.8,6,3,4,32,9.787747442593725
230,euchawechana,White,92.4,42.3,0,7,5,39,6.5038450166036395
231,Master_Messina,White,87.3,32.2,0,2,2,17,5.674504383644443
232,Q-sneaky,Black,68.2,197.1,12,5,1,40,14.039230748157108
233,yadop-paceda,Black,74.7,109.5,9,8,4,47,10.464224768228174
234,noobmaster2024,White,88.5,56.8,1,4,6,30,7.536577472566709
235,CursosEnriquez,White,74.7,102.2,1,12,9,29,10.10940156488009
236,Quarki02,Black,85.2,61.7,7,6,9,66,7.854934754662192
237,colonoscopig,Black,79.5,94.8,3,3,2,20,9.736529155710468
238,Ika001,White,74.4,126.1,2,9,3,26,11.229425630903835
239,Your__Father,White,83.8,58.6,0,6,3,21,7.655063683601855
240,ari_etc,White,74.0,146.1,4,11,13,41,12.087183294713455
241,attila9,Black,90.0,40.6,2,1,4,34,6.371812928829597
242,lorraineprecious,White,93.4,27.0,0,3,1,25,5.196152422706632
243,aevdokimov1234,Black,84.2,120.7,3,6,2,25,10.986355173577815
244,maximuscamelot,White,91.8,46.7,0,9,2,41,6.833739825307955
245,BachM,Black,78.3,106.5,3,4,7,28,10.319883720275147
246,pieknotka123,Black,93.6,17.1,0,0,1,12,4.135214625627067
247,timofeevvp,White,81.9,67.7,2,4,3,29,8.228000972289685
248,Ardavehasan,Black,79.7,87.4,5,2,10,33,9.348796714016196
249,Bharathk6,White,79.3,96.0,2,5,2,23,9.797958971132712
250,KaizerSTRONG,White,83.5,72.8,2,4,4,37,8.532291603080617
251,Pilau,White,78.7,115.8,1,3,2,12,10.761040841851685
252,lungson,Black,86.5,85.2,4,10,2,39,9.23038460737146
253,AhmedSharks,Black,86.0,64.3,4,5,3,42,8.018728078691781
254,Hermes3000,White,83.3,53.7,1,8,3,44,7.328028384224504
255,AgentHering,Black,84.9,44.1,0,2,3,15,6.640783086353597
256,gozzo_gausemer,White,88.6,56.5,0,7,8,32,7.516648189186454
257,NotAQueen123,White,85.9,35.3,0,1,1,7,5.941380311005179
258,KI_Averbach,White,85.0,58.5,1,4,5,34,7.648529270389178
259,sagunar,Black,76.9,94.6,7,4,3,29,9.726253132630262
260,PASTORET2020,White,85.6,42.1,0,2,0,9,6.488451279003334
261,rgtrdr,Black,83.7,82.6,2,5,3,24,9.08845421400141
262,caglarmeker,White,78.1,92.1,2,6,7,33,9.596874491208062
263,gurocan,Black,77.0,127.4,5,3,5,22,11.28716084761797
264,SoulHunter96,White,90.5,42.8,1,3,2,26,6.54217089351845
265,vibert,White,79.1,69.5,1,7,6,33,8.336666000266533
266,cheshirecats,White,87.0,72.9,1,11,6,36,8.538149682454625
267,ardaakayy,Black,88.0,66.3,3,2,3,27,8.142481194328912
268,ardaakayy,White,80.5,61.9,0,2,1,7,7.867655305108378
269,Zunaid258,Black,84.9,46.2,0,3,0,13,6.797058187186572
270,Muzafferm,White,76.6,137.5,6,10,3,41,11.726039399558575
271,Travmire,Black,91.1,31.3,0,1,5,25,5.594640292279746
272,Saurabh_Kushwah,White,79.3,84.8,2,2,3,22,9.20869154657707
273,ACP6315,Black,80.7,74.9,3,3,4,22,8.654478609367523
274,ZuriBru,White,87.4,47.2,0,4,5,24,6.870225614927067
275,Sobolev1971,Black,77.0,120.2,4,2,3,26,10.963576058932597
276,AttractionSacrifice,Black,74.9,107.3,4,5,4,26,10.358571330062848
277,miteto108,Black,85.4,61.3,2,3,9,39,7.829431652425353
278,miteto108,White,78.1,100.0,3,11,3,46,10.0
279,georgebiason06,White,81.1,82.6,1,7,5,27,9.08845421400141
280,Inside0906,White,81.2,94.8,4,8,7,41,9.736529155710468
281,Inside0906,Black,84.3,109.4,4,8,11,35,10.459445491994305
282,Inside0906,White,82.6,59.6,1,3,3,22,7.720103626247513
283,Inside0906,Black,78.1,143.7,7,11,8,40,11.987493482792805
284,Inside0906,White,72.9,94.1,1,4,3,14,9.70051545022222
285,Inside0906,Black,82.5,55.9,3,2,5,29,7.476630257007497
286,Inside0906,White,76.5,88.3,2,3,6,21,9.396807968666806
287,Inside0906,Black,76.4,109.1,4,4,0,17,10.445094542415593
288,Inside0906,White,68.4,151.5,1,4,1,10,12.30853362509117
289,langfel10,Black,81.2,82.6,8,4,3,47,9.08845421400141
290,siavash123456,White,90.4,38.1,0,5,5,35,6.172519744804386
291,casasbenamaurel,Black,80.1,81.8,3,2,4,26,9.044335243676011
292,regloh75,White,79.5,85.5,0,11,5,27,9.246621004453464
293,evgeniy-mukhin,Black,88.9,66.4,7,4,6,56,8.148619514985345
294,perebla,White,83.9,66.7,1,7,3,40,8.167006795638168
295,Manbearpanda92,White,78.2,126.8,1,2,0,10,11.260550608207398
296,Alisaleh909,Black,84.9,76.0,6,4,6,42,8.717797887081348
297,Alisaleh909,White,82.8,125.0,4,6,3,28,11.180339887498949
298,Alisaleh909,Black,72.0,222.6,8,2,3,33,14.919785521246611
299,exantas,White,95.4,20.1,0,2,4,45,4.483302354291979
300,exantas,Black,94.3,20.1,0,1,1,23,4.483302354291979
301,Some0guy,White,82.9,75.8,1,8,8,36,8.706319543871567
302,andrei_pogorelchuk,White,79.3,97.8,3,5,3,25,9.889388252060893
303,assens1986,Black,85.9,60.8,1,3,4,20,7.797435475847171
304,Guayrexy,Black,81.4,100.2,6,1,5,24,10.009995004993758
305,criquet84,White,77.9,111.5,2,8,1,25,10.559356040971437
306,X_Jie,White,86.4,66.6,1,3,1,18,8.160882305241266
307,waleed12345,Black,77.4,126.9,2,2,2,15,11.264990013311152
308,MARIOPARTY823,Black,78.2,98.1,6,6,7,35,9.904544411531507
309,Hermes_Chess,Black,86.5,69.8,2,3,10,39,8.35463942968217
310,Hermes_Chess,White,92.9,31.4,0,4,3,36,5.60357029044876
311,GLENNMMORTEL,Black,79.8,101.2,1,3,2,19,10.059821071967434
312,Natan_Melo,White,87.5,79.9,1,6,4,36,8.938679992034618
313,Natan_Melo,Black,79.5,142.0,3,1,4,19,11.916375287812984
314,Fadl,White,76.5,80.3,1,5,4,21,8.96102672688794
315,tlesmana,White,91.8,58.3,1,3,7,36,7.635443667528429
316,ljungby_hellhound,Black,77.0,114.9,2,8,3,27,10.719141756689293
317,MAElKhalik,Black,86.7,51.3,4,4,6,48,7.162401831787993
318,mellowmusic_2019,Black,83.2,60.6,3,4,7,36,7.784600182411426
319,papeles,White,74.4,110.4,3,9,4,28,10.507140429250958
320,simnar,White,74.2,92.5,1,7,3,21,9.617692030835672
321,olagarroa,Black,83.7,49.4,2,5,9,46,7.0285133563222315
322,Boys17,White,84.9,122.9,3,8,5,40,11.086027241532468
323,andavarfruitshop,White,81.9,91.7,5,10,11,59,9.57601169589929
324,River137,Black,89.1,30.5,0,2,5,27,5.522680508593631
325,tonkohlbeck,White,84.0,45.1,0,2,1,8,6.715653356152326
326,CoachJake,Black,85.4,45.3,1,0,6,21,6.730527468185536
327,sherifhaxhaj1,Black,88.8,43.6,4,4,4,50,6.603029607687671
328,DjizakNBU,White,85.4,44.8,0,2,2,14,6.6932802122726045
329,chadex99,White,86.3,61.6,2,3,7,35,7.848566748139434
330,depp2017,Black,89.2,52.6,1,2,3,21,7.252585745787498
331,AleksS75,White,77.0,119.6,4,3,7,32,10.936178491593852
332,mk28624,White,76.6,112.8,3,5,6,23,10.620734437881403
333,Malaikari24,Black,74.5,109.6,6,5,3,34,10.469001862641921
334,Meldyehxn548cdt,White,76.0,115.6,5,5,2,28,10.75174404457249
335,s945,Black,85.7,103.5,5,1,2,30,10.173494974687902
336,hasancaprac,White,80.8,110.1,3,9,11,40,10.492854711659739
337,Amar_Svobodniy123,White,85.4,100.8,5,7,8,49,10.039920318408907
338,Lucasderg,Black,85.5,54.2,2,2,7,36,7.362064927722384
339,Usuario0,Black,77.5,93.8,3,0,6,20,9.6850400102426
340,madmusikus,Black,89.4,53.9,2,3,9,39,7.341661937191061
341,Sekeeff,White,87.1,66.4,2,7,4,34,8.148619514985345
342,Sekeeff,Black,75.3,116.4,13,11,5,73,10.788883167408942
343,FuryFork,White,76.8,73.2,0,13,3,36,8.555699854482976
344,Paradigms,White,86.0,49.5,1,3,4,29,7.035623639735144
345,cheshirecats,White,91.5,46.3,2,6,2,44,6.8044103344816
346,zora2002,Black,88.5,45.4,3,3,4,52,6.7379522111692065
347,AsanBrat,Black,90.7,60.7,3,12,12,71,7.791020472312982
348,Arman_Bulatov,White,82.8,64.5,1,15,9,59,8.031189202104505
349,Rashidmisha,Black,79.7,82.2,2,4,4,24,9.06642156531451
350,senpai_please,White,87.8,35.6,0,2,4,29,5.966573556070519
351,Pavvlad,White,80.8,109.2,4,6,4,28,10.449880382090505
352,miguel_angel_jodraza,Black,76.8,113.6,3,5,4,17,10.658330075579382
353,CaptainNik,White,71.8,128.6,2,15,5,33,11.34019400186787
354,Alexi16,Black,77.6,101.7,5,5,4,30,10.084641788382967
355,Oussmaaar,White,77.9,103.4,4,5,6,32,10.16857905510893
356,Shkodnik,White,83.1,74.9,2,8,6,42,8.654478609367523
357,sirosisiro,Black,80.5,66.5,3,3,5,32,8.154753215150045
358,knightwarrior555,Black,83.6,101.0,6,4,3,39,10.04987562112089
359,Freedataxt,Black,82.4,118.8,8,4,8,39,10.89954127475097
360,Orce78,White,80.3,108.9,5,14,7,61,10.435516278555651
361,Lepaca,Black,86.4,76.3,3,0,4,24,8.734987120768983
362,stlbucket,Black,84.9,58.8,1,3,3,21,7.6681158050723255
363,pidelqtie,Black,89.6,38.2,0,4,5,26,6.180614856144977
364,Tohatsu,White,73.4,115.5,4,7,6,34,10.747092630102339
365,malev2024,White,85.6,65.5,1,6,9,35,8.093207028119323
366,gringoveliki,White,84.3,64.4,1,7,8,45,8.024961059095553
367,IndioChiquito,Black,75.2,122.1,9,4,7,41,11.049886877249016
368,Alastor18,Black,89.8,35.8,0,4,5,33,5.9833101206606365
369,Ecuador_Carloz,Black,76.8,103.2,6,3,3,28,10.158740079360236
370,Medina816,White,92.0,27.1,0,3,3,39,5.205766033928148
371,ajedrecistadelfuturo,Black,82.0,89.7,5,4,6,37,9.47100839404126
372,Peter169005,Black,88.0,62.1,7,10,7,76,7.880355321938218
373,IngMario92,White,91.8,18.2,0,0,2,14,4.266145801540309
374,Alastor18,White,83.6,73.2,3,2,3,26,8.555699854482976
375,Stephanus,Black,97.1,15.0,0,2,1,26,3.872983346207417
376,Ninoorlando,White,93.2,26.8,0,2,1,22,5.176871642217914
377,jtspwnzu,Black,78.8,78.4,3,5,4,26,8.854377448471462
378,FLyX1337,White,73.3,129.4,4,6,6,28,11.3754120804479
379,Fabiodesafio,Black,84.5,66.1,2,5,7,37,8.130190649671137
380,nathanng88,White,85.5,106.5,2,6,2,36,10.319883720275147
381,ilosealot2000,White,87.9,56.2,3,4,9,61,7.496665925596525
382,Juliocesardi,Black,81.6,79.9,5,5,6,34,8.938679992034618
383,TheBilen,White,84.8,76.4,3,3,6,35,8.740709353364863
384,Tomaslepski,Black,96.0,27.2,1,4,3,58,5.215361924162119
385,Magotheus,White,92.2,19.8,0,0,3,21,4.449719092257398
386,Lokvenc,Black,81.8,59.6,2,6,4,36,7.720103626247513
387,TheEggsMan,White,93.3,20.3,0,2,0,18,4.505552130427524
388,YellowKnight75,Black,88.7,49.5,2,7,5,58,7.035623639735144
389,rajeshhero,Black,83.6,122.6,4,3,4,34,11.072488428533127
390,do_remon,White,86.4,63.1,1,6,5,34,7.9435508432942
391,leo6392,Black,86.3,57.9,4,4,6,54,7.60920495189872
392,leo6392,White,88.1,45.0,1,8,5,57,6.708203932499369
393,putimed_medveputov,Black,85.4,60.7,3,6,5,47,7.791020472312982
394,Stugna-1,White,72.6,171.2,4,4,9,28,13.0843417870369
395,ahmadalhelo1973,Black,84.7,86.1,7,4,6,37,9.279008567729637
396,Damo70,Black,89.6,29.8,0,1,0,6,5.458937625582473
397,tof11,Black,84.8,68.9,3,1,2,22,8.300602387778854
398,Jerry98000,White,79.6,75.9,0,9,5,31,8.712060605849802
399,DaenerysTargaryen3,Black,88.7,33.0,0,1,0,5,5.744562646538029
400,checklaykon,White,81.0,98.8,4,4,3,26,9.939818911831342
401,Varunjknb,Black,88.6,72.3,5,3,9,51,8.502940667792526
402,gross0803,White,85.8,61.1,2,3,9,39,7.816648898345122
403,fargo66,Black,79.8,70.9,6,5,7,49,8.420213774008355
404,Arbi1899,White,89.5,30.5,0,3,1,21,5.522680508593631
405,HardikV144,Black,78.0,121.4,6,2,5,25,11.018166816671457
406,Tiborf,Black,89.5,33.8,3,5,3,67,5.813776741499453
407,eshap9,White,76.1,117.2,1,5,2,17,10.825894882179487
408,seyfolah,Black,96.9,16.9,1,1,2,51,4.110960958218893
409,taps1,White,83.7,70.6,1,7,9,36,8.402380615040002
410,fazliddin3,Black,83.0,80.6,4,2,7,34,8.977750274985375
411,khaownieow,White,78.9,104.7,7,14,14,65,10.232301793829187
412,concavity,Black,78.2,94.1,6,4,11,40,9.70051545022222
413,bal1k,White,82.1,103.9,5,9,7,51,10.193134944657606
414,nuhyoney,Black,84.9,50.6,4,6,10,70,7.113367697511496
415,JACKSON_JUNIO,White,84.6,83.1,2,10,3,37,9.115920140062657
416,satria_bayu,Black,83.7,58.6,4,9,5,53,7.655063683601855
417,velrob,White,84.7,59.4,2,5,4,35,7.707139547199077
418,mdklib,Black,86.6,71.8,5,11,9,65,8.473488065725943
419,eerichh,White,81.9,68.9,2,7,3,33,8.300602387778854
420,parus_77,Black,86.1,74.5,6,4,8,61,8.631338250816034
421,Berat_T53,White,88.2,74.2,4,3,1,45,8.613942186943213
422,Berat_T53,Black,79.8,101.8,5,9,8,40,10.08959860450355
423,Berat_T53,White,83.0,72.5,1,8,1,24,8.514693182963201
424,Berat_T53,Black,80.5,104.4,6,3,3,32,10.21763181955584
425,Berat_T53,White,86.6,56.5,0,3,1,11,7.516648189186454
426,Berat_T53,Black,82.3,66.8,2,3,5,31,8.17312669668102
427,Berat_T53,White,81.3,85.6,2,6,6,33,9.252026804976301
428,Bigumm89,Black,84.8,112.2,2,4,2,17,10.59245014149229
429,Moutazdarwish,White,86.3,62.0,2,2,1,25,7.874007874011811
430,ch1f,Black,84.8,63.2,6,6,13,64,7.9498427657407165
431,e_eeeee,White,83.6,61.6,0,6,5,28,7.848566748139434
432,JUST_SKOBE_23,White,91.6,17.3,0,1,2,29,4.159326868617084
433,minussinus,Black,83.6,84.3,2,3,5,23,9.181503144910424
434,gridtheorem,Black,82.5,104.9,5,7,7,37,10.242070103255495
435,H_MOHAMADI,White,94.8,29.6,1,1,6,46,5.440588203494177
436,khaldona,White,80.4,117.6,8,15,6,58,10.844353369380768
437,Galina19590000,Black,86.2,57.7,1,3,2,21,7.5960516059331775
438,GangstaInterolog,Black,75.4,105.4,3,3,3,20,10.26645021416848
439,taivit,Black,79.1,127.7,6,3,6,30,11.30044246921332
440,faysaziz,White,71.1,125.7,2,9,3,23,11.211601134539169
441,Nader-br-1340,White,85.1,57.4,1,5,0,22,7.576278769950324
442,slow1010,White,84.1,70.9,2,10,5,50,8.420213774008355
443,Emma2306,White,82.0,118.7,2,3,1,19,10.894952959971878
444,Arsen70,Black,82.7,82.0,3,3,4,29,9.055385138137417
445,Thoor31,Black,90.4,43.2,1,6,4,34,6.572670690061994
446,Igor76reg,Black,84.0,61.1,4,4,0,28,7.816648898345122
447,Marcus_Jaguar,White,84.7,52.5,0,4,7,29,7.245688373094719
448,Marcus_Jaguar,Black,86.8,73.3,3,6,5,40,8.561541917201597
449,Marcus_Jaguar,White,80.0,86.6,2,10,5,49,9.305912099305473
450,Marcus_Jaguar,Black,87.6,43.8,1,6,8,46,6.618156843109719
451,Marcus_Jaguar,White,83.3,68.3,3,3,8,39,8.264381404557755
452,EDV_1980,Black,87.4,56.1,1,1,4,24,7.489993324429602
453,Mandalorian111,White,84.6,69.2,1,4,8,30,8.318653737234168
454,FPOlivares,White,80.2,98.8,4,6,4,41,9.939818911831342
455,Chintan85,White,81.6,61.4,0,4,3,17,7.835815209663893
456,mvm55,Black,75.7,118.1,8,6,6,35,10.867382389517726
457,slar66,Black,86.4,40.3,0,4,5,31,6.348228099241551
458,Ansar3,Black,80.8,110.8,1,2,4,19,10.526157893552615
459,vikt2,Black,72.3,157.1,11,1,7,36,12.533953885346794
460,Rota_Capixaba,White,84.3,128.3,2,4,1,19,11.326958991715296
461,Burhudarov,White,80.9,92.9,4,12,9,55,9.638464608017193
462,e4_e5-e6,White,72.1,122.7,4,6,6,30,11.077003204838391
463,ricahm,Black,85.8,77.2,1,1,3,18,8.78635305459552
464,MartinMarietta,Black,91.0,20.1,0,0,1,14,4.483302354291979
465,emilsila,Black,89.0,44.6,2,2,3,40,6.6783231428256
466,HartoDeVino,White,79.0,134.4,3,4,4,27,11.593101396951552
467,DENNMAS,Black,80.3,72.8,7,12,5,65,8.532291603080617
468,cengcorang,White,78.3,108.6,2,3,4,22,10.421132376090421
469,seyfettink,Black,85.8,84.6,8,10,5,59,9.197825830053535
470,CoyoteKisses,White,87.1,103.5,3,6,3,36,10.173494974687902
471,Peter169005,Black,76.8,112.0,5,1,5,25,10.583005244258363
472,kinggg_stun,White,80.9,68.6,2,10,12,57,8.282511696339462
473,Dj_Gratitude,White,91.7,64.4,2,3,1,23,8.024961059095553
474,narutouzumake2014,Black,94.1,32.7,2,2,8,62,5.718391382198319
475,educhernes27,White,83.9,85.8,2,1,1,20,9.262828941527529
476,Peter169005,White,83.9,62.3,2,8,7,58,7.893034904268446
477,scarletov,Black,88.4,74.5,5,3,3,36,8.631338250816034
478,benjamins378,White,84.0,56.8,0,3,1,11,7.536577472566709
479,Zuragui_64,White,85.9,47.4,1,3,2,30,6.884765791223402
480,Eddye_Castro_Choez,Black,75.6,136.9,15,6,7,68,11.700427342623003
481,Stefan1912,White,74.8,188.2,7,7,3,34,13.718600511714014
482,masnev,Black,84.5,46.8,1,5,4,30,6.841052550594828
483,masnev,White,81.1,96.8,2,11,1,37,9.838699100999074
484,harpiedancer,Black,86.3,22.9,0,0,2,15,4.78539444560216
485,blackysblack,White,92.3,50.3,1,8,12,66,7.092249290598858
486,anthau,Black,68.0,169.8,4,0,1,9,13.03073290340954
487,wessam_hefny,White,91.9,31.7,0,3,9,45,5.630275304103699
488,wessam_hefny,Black,88.1,45.6,2,4,7,39,6.752777206453653
489,wessam_hefny,White,72.1,159.8,8,8,4,41,12.641202474448386
490,wessam_hefny,Black,88.7,42.4,5,8,10,99,6.511528238439882
491,wessam_hefny,White,84.7,67.7,2,6,5,42,8.228000972289685
492,wessam_hefny,Black,85.8,96.8,3,5,5,27,9.838699100999074
493,Merlinhans,White,76.4,112.1,3,6,4,24,10.58772874605314
494,DanielKalala,White,83.4,91.7,4,15,13,75,9.57601169589929
495,AgnewS03,Black,87.4,42.6,3,5,7,66,6.526867548832288
496,AikiChessDo,Black,85.8,71.4,3,5,3,34,8.449852069711044
497,TSBelal,White,82.7,67.5,2,7,7,40,8.215838362577491
498,baigulovilya,Black,84.4,47.2,0,2,3,11,6.870225614927067
499,Morbid_Angel_666,White,85.3,53.6,1,13,7,76,7.321202087089251
500,irg41,Black,83.3,74.9,2,8,2,31,8.654478609367523
501,OSWRODRlGUEZ,White,80.3,107.2,2,6,7,33,10.353743284435827
502,Sudip1808,Black,75.7,118.7,3,1,6,21,10.894952959971878
503,mikuwa,White,83.7,139.6,5,10,7,42,11.815244390193543
504,WolframHille,Black,77.4,131.8,7,2,6,28,11.480418110852932
505,santillana73,White,86.1,49.5,0,7,13,50,7.035623639735144
506,Promesa,Black,83.2,61.4,5,5,4,51,7.835815209663893
507,Promesa,White,78.6,114.2,1,2,2,10,10.686440005914037
508,Promesa,Black,87.5,35.5,0,3,4,29,5.958187643906492
509,Anonymous,Black,87.2,97.1,2,1,3,24,9.85393322486001
510,Peter169005,Black,91.0,47.4,6,6,6,66,6.884765791223402
511,Peter169005,White,87.6,61.0,2,3,8,41,7.810249675906654
512,Anonymous,White,79.5,95.2,2,6,6,28,9.757048734120374
513,Anonymous,Black,89.4,32.4,0,3,3,23,5.692099788303083
514,aegomez,Black,78.4,98.8,3,5,6,28,9.939818911831342
515,MrDefender,White,78.5,90.0,1,8,7,38,9.486832980505138
516,usamajutt70,White,83.1,95.3,2,14,9,44,9.762171889492624
517,Aurora-attack,Black,82.0,78.5,2,2,4,19,8.860022573334675
518,quickpanda,Black,83.4,60.4,4,5,11,47,7.771743691090179
519,angelalbertomv,Black,83.3,105.3,7,3,5,42,10.261578825892242
520,shuotomen,White,90.3,64.1,3,10,16,82,8.006247560499238
521,Vanya-91,White,86.7,40.9,1,4,3,38,6.395310782127793
522,Quixot3,Black,87.3,32.5,0,1,5,24,5.70087712549569
523,zoi_sf,White,80.4,84.2,1,8,6,33,9.17605579756357
524,tarjaaa07,Black,81.1,113.4,5,4,0,32,10.648943609579309
525,LUISPIF,Black,89.6,50.3,4,7,12,75,7.092249290598858
526,Chessowerful,White,87.8,52.5,1,2,5,24,7.245688373094719
527,Fritz777AH,Black,83.9,98.7,6,3,5,49,9.934787365615835
528,icebishop,White,88.1,49.3,2,9,4,64,7.021395872616783
529,HereGoesNothing,Black,90.7,21.0,0,0,2,16,4.58257569495584
530,ozz54,Black,90.2,57.6,1,0,1,17,7.58946638440411
531,Petkov-Vladimir,White,82.5,74.8,1,10,6,39,8.648699324175862
532,Rukawa_Kaede5,White,75.0,98.1,3,6,7,30,9.904544411531507
533,Alkahwaji,White,86.3,56.8,1,4,6,26,7.536577472566709
534,S1mon_f,Black,94.4,14.9,0,0,1,16,3.8600518131237567
535,mouseslept,Black,81.7,74.1,4,3,4,31,8.608135686662937
536,NyakoChen,White,83.5,58.0,2,9,3,50,7.615773105863909
538,sahparov,White,84.2,101.8,6,12,9,79,10.08959860450355
539,ivanich2055,Black,89.5,39.3,0,4,3,25,6.268971207462991
540,Masiphile244,White,79.6,114.8,6,10,6,58,10.714476188783099
541,Gcolombi,Black,92.4,38.9,4,4,6,62,6.23698645180507
542,ewerbqy32,White,95.7,22.7,0,0,4,21,4.764451699828638
543,Skyrers,Black,85.0,81.2,4,4,6,40,9.011104260855047
544,PetronPetroff,White,85.3,67.3,1,8,6,39,8.203657720797473
545,Charindal,Black,76.8,90.2,6,3,5,36,9.497368056467012
546,gadwin,Black,78.6,120.8,1,2,2,10,10.99090533122727
547,FlexiBars,White,86.5,81.4,3,7,16,57,9.02219485491197
548,BlazL,White,83.5,76.1,4,8,17,65,8.723531395025756
549,Giuseppe1954,Black,76.6,175.5,2,3,5,22,13.24764129949177
550,vassyn,White,90.9,34.1,0,4,3,32,5.8395205282625735
551,a18538,White,75.3,121.8,4,6,4,26,11.036303729057115
552,RobikaBata,White,70.7,143.0,5,9,2,26,11.958260743101398
553,mmm333,Black,82.1,74.7,3,5,6,38,8.64291617453276
554,Omar-1995,White,88.2,57.1,3,2,7,45,7.556454194925025
555,garum,Black,84.5,51.1,3,4,8,45,7.148426400264607
556,King_975,Black,85.4,57.6,4,2,3,39,7.58946638440411
557,gislandsonlm10,Black,78.5,86.5,5,3,7,32,9.300537618869138
558,danimanu,Black,82.9,84.6,9,5,4,49,9.197825830053535
559,bmlc,White,84.7,73.0,2,10,16,55,8.54400374531753
560,koseky27,Black,86.9,83.3,4,5,2,35,9.126883367283709
561,Yofos,White,83.4,67.8,2,6,3,37,8.23407554009556
562,Erukana,White,79.8,83.3,3,12,8,49,9.126883367283709
563,Mfm2500,Black,85.5,89.3,6,3,6,43,9.44986772394196
564,Bulfo2006,Black,80.5,104.6,11,9,12,61,10.227414140436476
565,Tryandwin1111,White,88.3,34.3,0,1,5,18,5.856620185738529
566,jeroach,White,88.9,65.7,1,6,5,30,8.105553651663778
567,mateusb13,Black,84.6,99.2,10,6,6,70,9.959919678390985
568,Jddxmilan,White,86.9,70.0,0,11,11,39,8.366600265340756
569,blackster95,Black,86.8,75.0,3,5,5,28,8.660254037844387
570,young21savage,White,84.1,48.5,0,5,8,37,6.96419413859206
571,emcl,White,87.2,40.1,1,4,4,42,6.332456079595025
572,hamed8_hp,Black,79.0,104.6,5,3,1,26,10.227414140436476
573,thirtysixpawns,Black,82.6,78.0,1,3,3,19,8.831760866327848
574,Mo_Bashar,Black,73.8,148.0,11,5,7,39,12.165525060596439
575,MagicAttack,White,80.0,67.7,1,11,5,40,8.228000972289685
576,Monscaro,White,80.5,74.8,1,6,6,32,8.648699324175862
577,jtsilva,White,86.9,88.5,5,8,5,56,9.40744386111339
578,serpukhov,Black,88.5,33.5,0,2,2,20,5.787918451395113
579,amits1801,Black,84.5,111.6,4,3,3,31,10.564090116995406
580,Thiago_Yugioh,Black,88.9,27.2,0,0,1,6,5.215361924162119
581,thedius,White,90.0,49.3,0,3,1,16,7.021395872616783
582,archon_D,Black,78.9,86.8,5,6,4,38,9.316651759081692
583,Holizox,White,78.3,90.3,3,6,2,32,9.50263121456368
584,Catalino21,White,91.5,34.0,0,3,3,38,5.830951894845301
585,arbivara,Black,85.0,71.8,4,7,2,39,8.473488065725943
586,Pepe-Samame,Black,84.0,94.0,5,6,5,56,9.695359714832659
587,Meldyehxn548cdt,White,83.6,61.0,1,2,2,21,7.810249675906654
588,Nettleson,Black,87.1,39.4,1,2,3,23,6.276941930590087
589,Bausau,White,86.4,49.9,0,3,4,19,7.063993204979744
590,epsvv,White,85.3,54.5,0,11,8,54,7.3824115301167
591,PepeLePewGT,White,79.7,84.4,2,2,4,21,9.186947262284681
592,itsbtoth,Black,89.3,53.7,3,2,8,35,7.328028384224504
593,itsbtoth,White,89.4,50.3,2,4,6,55,7.092249290598858
594,itsbtoth,Black,87.3,69.4,3,7,4,38,8.330666239863412
595,itsbtoth,White,84.9,42.4,0,6,9,49,6.511528238439882
596,itsbtoth,Black,87.9,47.9,2,10,7,64,6.920982589199311
597,awesome325,Black,87.0,42.3,1,4,6,37,6.5038450166036395
598,magnustheegoat,Black,83.8,84.8,3,14,9,53,9.20869154657707
599,n99ite,Black,88.6,48.4,4,5,1,47,6.957010852370434
600,Aegypter,White,82.6,86.6,2,15,4,51,9.305912099305473
601,towerst,Black,90.0,47.4,2,3,2,27,6.884765791223402
602,moein1390-44,White,89.6,56.1,0,5,3,21,7.489993324429602
603,Serpanmax,Black,86.1,43.1,1,0,0,13,6.565059024867941
604,hakcap,Black,90.8,89.6,1,1,5,28,9.465727652959385
605,hadee007,White,90.7,48.2,1,3,5,30,6.942621983083913
606,Gomez92Jonatan17,Black,88.2,74.2,4,6,2,37,8.613942186943213
607,A_prime,White,91.1,55.7,3,6,4,54,7.463243262818116
608,leo123454321,White,78.0,140.6,3,4,4,28,11.85748708622531
609,Chadaana63,Black,90.1,85.0,3,3,3,28,9.219544457292887
610,ShrekLover,Black,72.1,145.9,10,4,5,35,12.078907235342111
611,iv2101,White,77.4,95.7,4,12,7,47,9.78263768111648
612,dolmen77,White,76.1,141.8,2,6,1,25,11.907980517283358
613,ice_choppa,Black,87.0,78.8,5,6,7,40,8.87693640846886
614,ice_choppa,White,89.1,39.3,0,4,4,32,6.268971207462991
615,MlechkoVitaly,White,79.9,107.0,5,4,10,49,10.344080432788601
616,mateus39,White,84.0,82.9,2,7,2,27,9.10494371207203
617,achmadvivo,White,89.3,52.2,1,8,3,44,7.224956747275377
618,masih695,Black,83.7,100.7,8,7,9,53,10.03493896344168
619,loganathan3875,Black,80.5,100.1,7,7,8,49,10.00499875062461
620,laitonrook,White,77.8,99.0,1,7,7,26,9.9498743710662
621,ehv_mc2,White,80.0,70.1,0,5,3,17,8.372574275573792
622,M-xzx,Black,81.4,85.8,7,9,6,64,9.262828941527529
623,eyesofhorus,Black,85.4,111.9,4,11,7,40,10.578279633286312
624,Badrul670,White,86.9,121.7,3,6,3,29,11.031772296417289
625,AliRReZa,Black,88.6,78.2,2,4,2,33,8.843076387773658
626,Alex_F2021,White,81.6,81.8,1,3,2,18,9.044335243676011
627,prostacyclin,Black,86.0,38.8,0,1,4,20,6.2289646009589745
628,rook082677,Black,87.0,34.1,0,5,6,43,5.8395205282625735
629,rook082677,White,91.9,63.8,2,2,2,22,7.987490219086343
630,rook082677,Black,84.0,68.8,3,3,7,30,8.294576541331088
631,Danny_Suhr,White,81.1,69.8,1,10,8,43,8.35463942968217
632,sukHwan,White,89.1,51.8,0,7,7,37,7.197221686178632
633,Mjiwina,Black,81.3,77.3,4,1,5,31,8.792041856133306
634,Andile_Ntshinga,White,85.1,75.7,4,7,6,59,8.700574693662483
635,jabshri,White,83.9,52.0,1,3,11,42,7.211102550927978
636,Cheggsmate,Black,81.5,95.8,4,4,6,31,9.787747442593725
637,Ibanchess962,White,93.2,25.6,0,1,2,17,5.059644256269407
638,summuns,White,81.0,77.6,3,7,3,37,8.809086218218097
639,drag0nb0rn5,Black,82.1,79.8,3,3,5,26,8.933084573650918
640,media7d,White,81.6,171.2,2,1,2,16,13.0843417870369
641,media7d,Black,85.4,69.3,4,4,3,32,8.324662155306964
642,MSRP,White,87.1,48.6,0,5,0,19,6.971370023173351
643,Ferpiana2,Black,77.7,70.8,3,4,2,23,8.414273587185052
644,Anatoliy_Semench1960,Black,88.5,48.3,2,6,5,47,6.9498201415576215
645,Gregshm,Black,81.8,80.3,3,3,6,29,8.96102672688794
646,DrBilg,White,90.0,60.8,3,5,5,67,7.797435475847171
647,Julianches,White,91.9,64.7,1,4,6,36,8.043631020876083
648,Julianches,Black,92.2,34.1,1,6,6,50,5.8395205282625735
649,matalosatodosss,White,87.0,77.5,3,3,2,33,8.803408430829505
650,hanu4444,Black,77.8,67.3,1,8,3,25,8.203657720797473
651,hanu4444,White,92.2,70.4,1,3,6,38,8.390470785361213
652,hanu4444,Black,87.8,43.0,1,1,5,23,6.557438524302
653,Kaluha33East,Black,93.8,32.4,1,1,5,34,5.692099788303083
654,jerryg1,White,86.2,69.4,1,8,8,60,8.330666239863412
655,ZentroFTW,Black,83.6,50.9,2,1,2,18,7.134423592694787
656,FerSosonko,White,81.7,88.2,4,11,12,57,9.391485505499118
657,Adi_BC,Black,89.0,50.1,3,6,2,39,7.078135347674555
658,llork,White,83.0,132.3,5,6,8,50,11.502173707608488
659,masterx07,White,73.9,177.3,6,8,4,35,13.315404612703288
660,sasaleite,Black,82.4,89.9,7,12,10,69,9.481561052906848
661,miguelmanchas777,Black,81.8,122.1,3,1,1,16,11.049886877249016
662,pandonfli,Black,93.2,19.4,0,1,0,9,4.404543109109048
663,mrdanyPro,White,91.9,74.7,2,2,6,42,8.64291617453276
664,GalaxyasMG,White,77.1,129.9,4,10,1,30,11.397368117245314
665,GalaxyasMG,Black,74.3,113.8,6,5,3,29,10.667708282475669
666,GalaxyasMG,White,88.5,47.9,0,4,6,37,6.920982589199311
667,thorondor14,Black,86.6,38.3,1,1,4,23,6.18869937870632
668,mezar0408,White,86.8,56.7,3,5,7,57,7.52994023880668
669,Ulan666,White,82.9,75.4,3,8,11,52,8.683317338436964
670,Roni_DH,White,83.1,87.5,3,8,13,44,9.354143466934854
671,Roni_DH,Black,72.1,150.2,2,3,1,12,12.255610959882823
672,Roni_DH,White,88.8,48.0,1,9,7,53,6.928203230275509
673,joseh1963,Black,87.5,65.8,2,3,5,29,8.1117199162693
674,joseh1963,White,78.5,107.1,8,4,4,47,10.348912986396204
675,Ernepe,Black,83.4,78.3,6,4,1,45,8.848728722251575
676,goreiro,Black,77.3,116.2,6,3,3,25,10.779610382569492
677,notbeginner,White,86.2,44.7,1,2,4,25,6.685805860178712
678,hendrawoo,White,86.1,42.5,0,2,3,20,6.519202405202649
679,notbeginner,Black,80.5,146.5,4,5,6,39,12.103718436910205
680,joseh1963,Black,90.2,44.8,4,4,4,64,6.6932802122726045
681,onegreypawn,Black,78.6,96.6,1,0,1,5,9.828529900244492
682,onegreypawn,White,77.8,87.8,2,10,4,36,9.370165420097983
683,zsg2024,White,81.4,138.5,4,5,3,22,11.76860229593982
684,HarisNBX,White,94.7,34.1,1,0,2,25,5.8395205282625735
685,dgreen,Black,83.4,72.9,4,3,4,32,8.538149682454625
686,Nonestbonum,Black,71.2,129.6,7,8,5,32,11.384199576606166
687,Ercan04,White,75.0,143.8,6,13,4,40,11.991663771137015
688,KASPARIN2020,White,83.5,68.7,1,4,3,29,8.28854631404084
689,KASPARIN2020,Black,84.5,67.3,5,5,10,58,8.203657720797473
690,KASPARIN2020,White,86.8,51.4,2,10,3,59,7.1693793315739685
691,xAlekhine777,Black,80.1,95.5,3,3,5,28,9.772410142846033
692,Josemar,White,81.1,110.3,7,6,11,63,10.502380682492898
693,grogrogo,White,89.7,65.8,1,5,8,34,8.1117199162693
694,DGG2706,Black,73.7,118.6,5,5,3,26,10.890362712049585
695,husati1961,White,81.4,55.6,0,4,4,18,7.4565407529228995
696,ryohma59,Black,89.3,33.6,1,0,8,45,5.796550698475776
697,orlandros,White,89.9,45.7,4,4,4,81,6.760177512462229
698,Jtport,Black,85.9,64.9,2,2,8,30,8.056053624449133
699,fokindanil1,White,88.5,59.7,1,4,2,23,7.726577508832744
700,orlandros,White,86.2,47.5,1,10,8,74,6.892024376045111
701,edwinkorir,Black,91.6,35.4,0,1,3,15,5.9497899122574065
702,yanydragon,Black,90.5,46.9,1,6,3,35,6.848357467305573
703,babadag_20,White,86.7,57.1,0,7,5,33,7.556454194925025
704,pipa1,Black,86.8,60.1,7,4,6,60,7.752418977325722
705,cotufa55,White,84.1,42.6,0,1,3,10,6.526867548832288
706,Bernardeta,Black,91.5,32.8,2,0,1,24,5.727128425310541
707,Bernardeta,White,81.5,69.7,1,6,7,36,8.34865258589672
708,Luciano_1991,White,88.7,54.7,1,7,4,38,7.395944834840239
709,wanita_malam,Black,72.6,151.6,8,2,3,30,12.312595177297109
710,wanita_malam,White,89.0,37.9,0,5,1,37,6.156297588648554
711,Skyblue4,Black,79.3,88.0,5,7,9,47,9.38083151964686
712,sherlock051,White,77.7,121.8,6,12,7,46,11.036303729057115
713,Rind_oe,Black,85.2,114.5,2,0,2,21,10.700467279516348
714,vishal007654,Black,84.6,80.6,4,1,7,43,8.977750274985375
715,mirzabruins,Black,85.2,71.3,5,12,15,70,8.44393273303382
716,VLAD57,White,79.2,85.4,2,9,7,42,9.241212041718338
717,BEKCOX777,Black,81.4,93.8,6,3,5,37,9.6850400102426
718,Jesusosorio50,White,86.3,88.3,4,3,5,34,9.396807968666806
719,E-sir,Black,94.3,24.6,1,5,10,79,4.959838707054898
720,Juvac62,White,86.1,63.6,2,7,4,45,7.974960814950754
721,Pablo13FC,Black,86.0,51.6,1,4,2,26,7.183313998427188
722,Minkarad,White,76.3,126.0,6,5,5,40,11.224972160321824
723,Yunus4723,Black,82.2,76.4,2,2,5,25,8.740709353364863
724,Glaukus2,White,75.3,134.6,8,5,6,40,11.60172400981854
725,gigaloz,White,79.4,63.4,0,5,1,19,7.962411694957753
726,Magnocarlo,Black,85.2,60.2,2,3,2,33,7.758865896508329
727,Sergio7890,Black,84.7,78.2,4,1,2,29,8.843076387773658
728,Helder35,White,88.4,70.9,1,14,6,54,8.420213774008355
729,OlegArhipov,White,74.7,151.8,7,8,9,46,12.320714265009151
730,Gleb722,Black,84.7,78.7,5,4,7,43,8.87130204648675
731,Marcus82,White,86.7,75.1,4,10,11,59,8.666025617317317
732,Karelin1984,White,79.0,102.0,3,8,6,37,10.099504938362077
733,Teknikero_Catbalogan,White,78.2,158.6,1,2,3,13,12.593649193144932
734,AmateurChamp,Black,81.8,71.7,2,5,4,27,8.46758525200662
735,francescotal,Black,92.3,27.1,0,0,3,18,5.205766033928148
736,semyon1980,Black,85.9,76.3,2,6,3,29,8.734987120768983
737,francescotal,White,75.9,103.3,6,5,7,43,10.16366075781753
738,AyamPitik,Black,85.7,88.0,2,6,6,36,9.38083151964686
739,Jithuschess,White,91.9,52.1,0,7,5,33,7.2180329730474355
740,Nagrandh,Black,97.4,11.8,0,3,0,58,3.4351128074635335
741,Andelomm,White,92.4,61.3,2,5,8,63,7.829431652425353
742,Chefbrits,White,89.6,51.4,2,8,8,61,7.1693793315739685
743,Chefbrits,Black,85.6,104.5,4,4,5,28,10.222524150130436
744,Chefbrits,White,80.0,84.9,1,8,5,28,9.214119599831555
745,Miguel_Angel100-S,Black,78.8,123.4,2,9,5,24,11.108555261599053
746,Iagovs92,White,82.3,94.0,3,4,5,29,9.695359714832659
747,Sancho_Burna,Black,90.5,59.8,1,3,6,30,7.733045971672482
748,AldoshenkoVN,Black,91.7,53.3,1,5,9,53,7.3006848993775915
749,Lesbrunes,White,83.5,56.5,0,5,7,35,7.516648189186454
750,pipirim,White,76.9,120.6,2,7,1,25,10.981803130633876
751,Lauren_McDaniels1998,Black,84.0,47.6,2,1,7,35,6.899275324264136
752,Mehdi1887,White,93.3,46.0,1,2,8,55,6.782329983125268
753,torredelvinagre,Black,91.4,45.1,2,2,4,32,6.715653356152326
754,Salehahmed333,White,85.1,140.0,4,5,1,33,11.832159566199232
755,Giljc,White,87.2,135.1,2,3,4,20,11.623252556836231
756,JhonWalter,White,75.0,117.2,4,10,5,41,10.825894882179487
757,Nikolay-UA,Black,76.4,105.8,7,7,10,55,10.285912696499032
758,UkolovSV,Black,75.6,100.4,2,3,8,21,10.019980039900279
759,chesszuka,White,77.1,133.0,5,3,0,21,11.532562594670797
760,PerezRo,Black,82.6,102.0,8,4,8,38,10.099504938362077
761,Sanbor,White,86.2,35.8,0,3,8,39,5.9833101206606365
762,Shidoshi-tanaka,White,83.3,99.6,3,8,4,30,9.979979959899719
763,Shidoshi-tanaka,Black,80.7,80.8,6,8,9,57,8.988882021697693
764,Shidoshi-tanaka,White,84.4,62.0,2,3,8,42,7.874007874011811
765,Shidoshi-tanaka,Black,90.7,49.1,3,1,4,33,7.00713921654194
766,pnr3287,White,75.8,109.4,2,9,2,28,10.459445491994305
767,LouveSolitaire34,White,85.2,46.3,1,5,8,44,6.8044103344816
768,LouveSolitaire34,Black,84.8,50.9,2,2,4,29,7.134423592694787
769,LouveSolitaire34,White,84.5,68.3,1,5,4,25,8.264381404557755
770,LouveSolitaire34,Black,83.5,76.1,4,6,4,36,8.723531395025756
771,LouveSolitaire34,White,87.7,37.7,1,2,5,42,6.1400325732035
772,stev1998,Black,90.8,64.0,2,1,7,25,8.0
773,Mshurtleff,Black,86.9,82.4,4,5,9,40,9.077444574328174
774,caiexeu,White,84.6,77.3,1,10,7,38,8.792041856133306
775,Arch90,White,84.7,107.3,2,14,5,42,10.358571330062848
776,TheVicGamer32,Black,89.3,41.2,0,2,4,18,6.418722614352485
777,chessmate23,White,77.7,140.2,6,8,4,43,11.840608092492547
778,JohnKala,Black,88.9,59.4,1,0,2,20,7.707139547199077
779,mongueletor,White,78.8,111.4,3,3,3,27,10.554619841567009
780,Franky008,Black,80.0,104.5,4,4,4,28,10.222524150130436
781,soCheeseburger,White,76.6,137.3,4,11,3,42,11.717508267545622
782,mustafa0xp84,White,80.6,71.7,1,5,9,35,8.46758525200662
783,jonikatro,Black,86.8,49.0,3,4,11,56,7.0
784,ridik123,Black,93.5,44.8,3,2,5,48,6.6932802122726045
785,Boa_di,White,84.5,54.4,0,4,7,32,7.37563556583431
787,LaweTako,Black,86.4,35.4,0,2,4,28,5.9497899122574065
788,CrasyMG,White,89.5,47.2,1,3,2,27,6.870225614927067
789,Bjjliytcn,Black,83.5,90.9,4,4,1,29,9.534149149242422
790,kadeykin,White,77.2,104.6,2,2,4,19,10.227414140436476
791,Trencaescacs,Black,82.3,65.3,1,7,3,31,8.080841540334768
792,StalIve,White,79.8,80.0,4,6,11,46,8.94427190999916
793,KyleVincent,White,77.2,78.5,1,7,5,26,8.860022573334675
794,criiiens,White,78.4,102.2,5,7,4,46,10.10940156488009
795,Rtrobin,Black,78.1,86.7,10,5,6,59,9.311283477587825
796,ilcalabresse,Black,82.3,79.3,4,4,9,31,8.905054744357274
797,Jake_Actuary,White,86.0,76.1,2,4,8,30,8.723531395025756
798,Sajib,Black,83.8,64.6,2,1,6,24,8.037412518964047
799,JARodriguez,White,79.5,81.9,3,14,6,58,9.049861877399014
800,Andrei1972,Black,90.1,56.6,1,0,2,17,7.523297149521611
801,PerelVl,White,85.9,75.8,1,6,4,29,8.706319543871567
802,cvomake,Black,82.4,100.6,3,2,5,26,10.029955134495866
803,GongsDerrick,Black,82.8,83.6,2,2,1,21,9.143303560529969
804,masbarno,White,86.4,55.0,1,4,2,23,7.416198487095663
805,Sicco,White,76.8,118.9,3,16,4,50,10.904127658827184
806,jongyoon4832,Black,76.5,130.3,10,8,4,39,11.414902540100814
807,MandyB,White,87.4,62.0,2,4,10,49,7.874007874011811
808,PUKKUP,Black,90.1,46.8,1,7,1,32,6.841052550594828
809,zuugzwaang,Black,83.6,68.9,3,3,4,27,8.300602387778854
810,ELMASTER500,White,87.9,59.7,1,11,8,51,7.726577508832744
811,sanchir0925,Black,91.6,79.7,2,2,5,37,8.927485648266257
812,j2vm,White,84.5,55.9,1,10,8,50,7.476630257007497
813,maksiiii,Black,80.3,91.0,5,1,4,27,9.539392014169456
814,jhonkonor,White,82.6,63.0,3,3,4,33,7.937253933193772
815,Mesias64,Black,85.4,40.6,0,3,7,27,6.371812928829597
816,siegfried-21,White,83.9,74.7,2,6,1,31,8.64291617453276
817,arnelblando,White,78.4,96.9,4,5,6,31,9.843779761859771
818,arnelblando,Black,86.5,42.3,1,3,2,24,6.5038450166036395
819,Alino1992,Black,80.8,85.5,10,7,7,63,9.246621004453464
820,nanogar,Black,78.5,107.9,6,7,6,34,10.387492478938313
821,nanogar,White,89.2,57.3,1,5,7,43,7.569676347110224
822,nanogar,Black,87.5,64.7,2,8,3,40,8.043631020876083
823,Drblunder4ever,White,87.5,47.4,0,5,7,33,6.884765791223402
824,Charles121CM,Black,84.6,47.3,1,11,10,65,6.877499545619759
825,Danireyes,White,83.5,93.8,2,5,8,31,9.6850400102426
826,Mhmodfrokh1968,Black,77.5,177.8,5,5,3,25,13.334166640626627
827,AnatolyKAS,Black,92.8,30.8,0,2,5,31,5.549774770204643
828,AgnewS03,White,91.0,25.9,0,1,2,16,5.089204259999788
829,UFPZ,White,86.5,96.7,3,7,4,33,9.833615815151617
830,naaml00sChessPlayer,Black,84.9,67.0,2,3,5,25,8.18535277187245
831,BatyrDS,White,92.0,39.5,0,6,1,41,6.284902544988268
832,RobertIp,Black,78.5,115.1,13,5,13,55,10.72846680565308
833,Rebecca_Sloane,White,81.9,94.8,5,8,11,48,9.736529155710468
834,capablank1502,Black,89.5,44.7,3,4,2,49,6.685805860178712
835,Bigan17,White,76.8,167.0,4,3,1,25,12.922847983320086
836,TOROVVWXXX,Black,92.8,35.4,2,6,6,58,5.9497899122574065
837,Kitsomo,White,79.5,82.5,3,6,2,35,9.082951062292475
838,nawfalouchahi,White,97.6,24.4,0,9,5,79,4.9396356140913875
839,mensin,Black,83.7,79.7,6,8,9,50,8.927485648266257
840,zalovich,White,87.5,57.5,1,3,7,26,7.582875444051551
841,blinkeedotcom,Black,87.3,46.0,1,0,6,29,6.782329983125268
842,frans_nico,Black,95.8,30.2,0,2,4,23,5.495452665613635
843,FurkanDURANAY,White,88.3,85.5,1,10,8,38,9.246621004453464
844,Pixelspargel,Black,76.3,137.5,8,5,4,47,11.726039399558575
845,akchaitanya2002,White,80.6,93.5,2,1,3,17,9.669539802906858
846,akchaitanya2002,Black,95.1,20.5,0,1,4,32,4.527692569068709
847,zouher,Black,84.4,67.3,2,2,5,34,8.203657720797473
848,r52shahreza,White,91.9,29.9,0,4,2,36,5.468089245796926
849,Duhless77,White,94.9,36.8,1,2,9,62,6.06630035524124
850,TR0NNx,Black,81.9,84.6,2,2,5,19,9.197825830053535
851,comandantecarlos,White,85.8,75.0,2,3,3,29,8.660254037844387
852,Sangala,White,83.8,93.3,2,4,4,24,9.6591925128346
853,PavelMoskow,Black,72.0,136.0,8,9,4,39,11.661903789690601
854,ari234,White,94.5,30.7,0,4,6,43,5.540758070878027
855,Duhless77,White,78.4,93.9,5,11,13,69,9.690201236300513
856,Tvix,Black,81.0,69.6,2,8,9,37,8.342661445845684
857,estaquirot,Black,92.1,23.0,0,3,3,28,4.795831523312719
858,PavloKhomenko,White,84.2,103.6,3,8,6,43,10.178408519999577
859,xbs_costa,Black,82.7,61.1,3,8,4,41,7.816648898345122
860,HarolDylp,Black,90.3,100.9,5,8,8,56,10.044899203078147
861,saga33,White,88.8,66.7,2,6,8,59,8.167006795638168
862,hydra2812,White,85.2,65.7,1,5,5,27,8.105553651663778
863,elilang,Black,89.0,35.1,1,1,2,20,5.92452529743945
864,elilang,White,88.7,42.5,2,1,3,35,6.519202405202649
865,elilang,Black,82.8,67.9,1,0,2,11,8.240145629781066
866,elilang,White,77.3,96.6,2,12,9,40,9.828529900244492
867,elilang,Black,94.1,18.7,0,0,1,7,4.324349662087931
868,elilang,White,84.9,112.0,3,2,3,26,10.583005244258363
869,elilang,Black,84.3,81.8,5,3,4,29,9.044335243676011
870,elilang,White,75.8,142.4,4,1,7,28,11.933147112141038
871,Silver_Bullet_10,Black,90.7,40.7,4,6,5,75,6.3796551630946325
872,JorgeBo,White,86.8,97.7,2,6,1,36,9.884331034521255
873,LebedevVitalii57,Black,80.9,63.5,1,4,7,24,7.968688725254614
874,boutorss,Black,81.4,124.7,3,3,9,29,11.166915420114902
875,queenhunger,White,76.6,122.2,4,3,2,26,11.054410884348384
876,queenhunger,Black,76.8,117.5,5,9,7,46,10.8397416943394
877,queenhunger,White,75.1,120.7,3,7,2,23,10.986355173577815
878,queenhunger,Black,86.7,37.9,1,5,6,49,6.156297588648554
879,queenhunger,White,83.2,115.7,8,6,7,60,10.756393447619885
880,queenhunger,Black,83.5,86.4,5,2,3,39,9.2951600308978
881,Lysoform,White,82.1,89.9,4,2,1,38,9.481561052906848
882,tanabig,Black,86.6,79.6,1,6,4,36,8.921883209278185
883,EthanPellegrino,White,93.1,42.2,2,2,5,41,6.496152707564686
884,Ilanlins2002,Black,89.2,32.1,1,2,1,31,5.665686189686118
885,chandru_smarty08,White,86.3,49.1,1,12,9,74,7.00713921654194
886,david-sv,Black,85.3,72.3,4,0,0,19,8.502940667792526
887,Amazing_Q,White,71.0,151.2,8,15,9,56,12.296340919151518
888,Cheggsmate,Black,82.3,64.6,4,7,4,41,8.037412518964047
889,Henrylasprilla1996,Black,86.4,61.9,4,8,12,74,7.867655305108378
890,tecnicar,Black,93.4,14.0,0,0,1,21,3.7416573867739413
891,mj24861793,White,84.0,96.4,1,2,2,21,9.818350166906862
892,pvollrath,Black,75.2,145.0,3,7,4,24,12.041594578792296
893,CantankerousDarkling,White,78.3,84.4,1,5,7,26,9.186947262284681
894,cxsimpson,Black,76.8,121.2,6,2,3,29,11.009087155618309
895,cxsimpson,White,90.4,22.1,0,1,3,27,4.701063709417263
896,losingplayer,White,87.3,43.1,0,3,4,28,6.565059024867941
897,theodorakis,White,69.0,171.9,7,9,2,30,13.111064030047295
898,Paul_12,Black,84.2,55.1,1,4,12,37,7.422937423958254
899,Dj_Gratitude,Black,76.2,113.1,7,6,4,35,10.634848376916334
900,jemo9977,White,84.8,85.4,2,6,9,34,9.241212041718338
901,Chess_Tarjei,Black,95.8,30.4,1,1,1,63,5.513619500836088
902,sundov100,White,79.0,91.0,4,4,7,31,9.539392014169456
903,saketsl,Black,79.1,93.6,6,18,4,60,9.674709297958259
904,kalmuratovnurlan,Black,89.2,73.5,4,3,9,39,8.573214099741124
905,williebob,White,93.9,13.8,0,0,2,21,3.714835124201342
906,CESAR10_2003,Black,89.2,33.6,0,2,4,18,5.796550698475776
907,Nemesis2022,White,83.8,67.0,2,10,6,49,8.18535277187245
908,chknTechOfficer,Black,91.9,68.2,2,0,5,29,8.258329128825032
909,chessmanuz2023,Black,77.7,80.3,4,4,7,37,8.96102672688794
910,Chaco01,White,87.0,45.6,1,1,2,20,6.752777206453653
911,rittickrr,White,87.9,49.2,0,7,7,44,7.014271166700073
912,Swonder333,White,90.6,41.4,0,5,5,29,6.434283176858165
913,Goldfix,White,79.4,67.4,1,6,7,32,8.209750300709517
914,Alexandr17061983,Black,90.6,38.6,1,1,3,29,6.212889826803627
915,DirtyBidello,White,78.2,93.5,4,12,13,53,9.669539802906858
916,pradhanguru1982,Black,86.5,69.9,1,2,1,19,8.360621986431392
917,SandieMukuwe,Black,88.6,50.5,4,3,12,55,7.106335201775948
918,RhombicChthulhu,White,85.7,52.9,0,5,5,32,7.273238618387272
919,Nonestbonum,Black,72.5,156.7,5,2,1,19,12.517987058628874
920,klooth,Black,84.3,64.8,9,2,4,56,8.049844718999243
921,drau1,White,89.3,86.9,2,6,1,32,9.322016949137135
922,ayobamy,Black,91.2,46.0,1,5,4,32,6.782329983125268
923,StefanoTrezzi,Black,95.0,23.0,0,6,6,62,4.795831523312719
924,aremis2005,White,94.4,44.7,0,4,7,29,6.685805860178712
925,crumb_chess,Black,89.6,55.2,2,3,3,28,7.429670248402684
926,ChampionOfGesher,Black,84.7,80.5,5,6,3,43,8.972179222463181
927,Lsgg56,White,86.0,99.4,3,10,3,42,9.969954864491614
928,Maman_Durahman,White,84.4,68.5,3,12,8,72,8.276472678623424
929,JE-Jadav,White,84.6,75.1,4,5,6,46,8.666025617317317
930,Lykouje,Black,83.8,67.9,2,1,1,21,8.240145629781066
931,nilyin,White,90.1,63.3,2,14,13,76,7.956129712366434
932,Yuma_Durruti,Black,93.5,23.3,0,2,1,26,4.8270073544588685
933,Thamizhamuthan,White,82.7,118.0,7,3,3,33,10.862780491200215
934,nilyin,Black,85.3,58.0,2,0,7,33,7.615773105863909
935,richardmendacks,Black,78.9,143.1,7,5,6,36,11.962441222426131
936,hermawans2,White,82.2,55.9,1,11,9,62,7.476630257007497
937,Rogelio_atakador,White,77.1,115.0,1,4,3,18,10.723805294763608
938,jpgtello,Black,84.1,76.8,2,8,3,28,8.763560920082657
939,machacan,White,77.8,106.1,3,8,9,43,10.300485425454472
940,Redbaron50,Black,82.7,80.7,3,4,2,25,8.983317872590282
941,Ariel1966,Black,82.9,61.0,4,1,2,27,7.810249675906654
942,Principe04,White,93.9,14.8,0,0,1,16,3.847076812334269
943,CWHarrison,White,93.8,52.8,1,1,2,29,7.26636084983398
944,Shanibytyqi,Black,82.0,95.3,3,1,7,29,9.762171889492624
945,mhons,Black,72.4,122.6,4,5,3,22,11.072488428533127
946,mhons,White,84.0,72.8,2,3,4,22,8.532291603080617
947,engote,Black,81.5,77.6,3,6,9,32,8.809086218218097
948,ChessAmateur2022,Black,81.1,89.0,2,4,4,25,9.433981132056603
949,Iobel,White,90.4,59.7,1,6,1,30,7.726577508832744
950,Nekrestansky_bishop,Black,76.2,99.2,5,6,9,41,9.959919678390985
951,XEVANEX,White,91.4,22.1,0,0,2,17,4.701063709417263
952,Kchessman2015,Black,90.9,39.3,0,3,3,23,6.268971207462991
953,SultanFurkanHan,Black,88.4,47.0,0,7,3,30,6.855654600401044
954,ABP76,White,84.3,96.2,6,12,13,77,9.808159868191384
955,Gennady_M,White,84.0,83.7,3,4,2,36,9.148770409186143
956,fadi5444,White,74.0,137.3,9,11,4,54,11.717508267545622
957,fadi5444,Black,89.8,31.6,0,4,4,35,5.621387729022079
958,fadi5444,White,82.5,83.2,4,11,6,49,9.121403400793104
959,fadi5444,Black,84.9,117.9,8,8,10,70,10.858176642512316
960,juliosilv,White,78.6,94.6,1,4,3,20,9.726253132630262
961,miskecekr,White,89.3,31.5,0,3,3,35,5.612486080160912
962,pixiefulpavement,White,84.2,77.2,2,8,7,33,8.78635305459552
963,murat5989,Black,85.1,73.7,3,3,3,29,8.5848704125339
964,varganciano,White,78.4,125.1,9,7,7,51,11.184811129384348
965,cneo21,Black,81.7,111.2,2,1,2,19,10.545141061171254
966,TBricker1,Black,81.9,61.8,1,5,2,22,7.861297602813418
967,Tshepzer_MacKay1,White,81.1,111.3,3,3,4,18,10.549881515922348
968,Archimedes51,Black,78.4,145.7,5,3,0,24,12.070625501605125
969,Ramtin311,White,82.6,67.6,3,4,7,39,8.221921916437786
970,Sehrgeil,Black,73.9,225.8,7,1,5,28,15.026643005009468
971,darraghg,Black,92.2,40.4,2,6,10,59,6.356099432828281
972,darraghg,White,87.4,57.3,2,11,15,75,7.569676347110224
973,chfeather,White,77.5,120.0,3,8,6,32,10.954451150103322
974,endpawn1,White,87.3,100.2,1,1,1,16,10.009995004993758
975,Arkivan66,Black,80.9,101.2,5,1,3,36,10.059821071967434
976,Arkivan66,White,82.6,86.4,2,12,9,41,9.2951600308978
977,neratzori4444,Black,85.5,95.1,4,9,1,28,9.751922887307918
978,KASPPOV1,White,91.6,33.1,0,7,7,65,5.75325994545701
979,Wantu,Black,80.2,78.6,4,8,11,46,8.8656641037206
980,Sniper1979,White,80.4,66.8,1,1,1,9,8.17312669668102
981,Sniper1979,Black,81.3,86.5,6,8,10,57,9.300537618869138
982,gim2,White,81.9,86.6,2,7,3,37,9.305912099305473
983,Arfil-007,Black,84.3,73.0,3,1,8,27,8.54400374531753
984,Marinade,Black,76.8,142.3,4,4,1,23,11.92895636675732
985,Marinade,White,81.8,116.0,4,4,3,26,10.770329614269007
986,Clsrumbles,White,85.2,105.6,3,6,4,33,10.276186062932103
987,SuperBizon,White,85.9,59.7,1,6,11,44,7.726577508832744
988,Jeremiadixie,White,77.5,137.9,1,3,2,15,11.74308307047174
989,sifredihot,Black,88.5,52.3,2,6,5,44,7.231873892705818
990,Genzel-Greta_5687,White,83.1,96.0,4,6,6,40,9.797958971132712
991,elle72,White,74.1,124.9,6,9,9,42,11.175866856758809
992,AhmadHafidz01,White,83.3,67.8,1,2,5,20,8.23407554009556
993,Shess1968,Black,80.5,163.8,4,2,4,22,12.798437404620925
994,emateeream,Black,87.0,42.5,2,2,8,40,6.519202405202649
995,PhthaloRook,White,89.6,30.8,0,1,3,17,5.549774770204643
996,mostafa100000,Black,78.0,77.2,3,7,6,29,8.78635305459552
997,Bobabas,Black,69.9,145.5,2,2,1,10,12.062338081814818
998,JMayes,White,86.8,76.0,2,7,9,42,8.717797887081348
999,jerryotton,Black,81.7,76.8,3,4,6,28,8.763560920082657
1000,Chylebri,White,91.8,38.6,1,5,6,71,6.212889826803627
1001,Akib15,White,88.5,33.2,0,1,1,13,5.761944116355173
1002,yaiddoki1,Black,80.2,101.5,10,10,13,62,10.074720839804943
1003,yaiddoki1,White,72.2,159.8,5,5,5,28,12.641202474448386
1004,yaiddoki1,Black,84.8,105.4,9,5,8,54,10.26645021416848
1005,declawed,White,90.6,29.9,0,3,2,27,5.468089245796926
1006,joneltano33,White,94.6,26.3,0,1,5,24,5.128352561983234
1007,JuanChess30,White,78.0,100.4,4,9,8,40,10.019980039900279
1008,Madarah,Black,78.9,117.5,2,1,1,14,10.8397416943394
1009,Naiguel,Black,86.3,91.5,2,5,3,32,9.565563234854496
1010,Naiguel,White,82.8,79.0,3,3,9,46,8.888194417315589
1011,kmakadi,White,88.3,30.0,0,0,7,24,5.477225575051661
1012,Herbert1960,Black,84.4,58.0,1,7,6,37,7.615773105863909
1013,edgarizarra,White,83.9,45.8,1,6,10,52,6.767569726275452
1014,igor_sh,Black,88.7,49.5,3,3,5,40,7.035623639735144
1015,Kovinkin,Black,71.8,149.4,3,2,1,12,12.222929272478018
1016,heriberto1993,White,86.1,37.0,0,2,4,23,6.082762530298219
1017,Pedrester,Black,75.8,139.0,4,3,5,22,11.789826122551595
1018,Smt1969,White,83.7,55.1,0,8,2,33,7.422937423958254
1019,Smt1969,Black,86.2,63.2,1,3,8,37,7.9498427657407165
1020,So_Tar_Doc,White,80.2,95.1,3,19,9,59,9.751922887307918
1021,chandrawilwatikta,White,70.9,161.1,8,8,3,38,12.692517480783708
1022,DorAleDmi,Black,87.5,77.7,5,4,4,32,8.814760348415605
1023,n5000,White,84.7,50.8,1,5,2,34,7.127411872482185
1024,DorAleDmi,Black,79.4,78.7,6,10,9,58,8.87130204648675
1025,Dgonrikk,White,81.9,84.1,1,3,3,22,9.1706052144883
1026,JFabian_14,White,84.1,74.8,3,4,3,29,8.648699324175862
1027,Francuzzu123,Black,85.8,48.0,3,2,10,57,6.928203230275509
1028,maestro1972,White,92.2,35.9,1,2,5,50,5.991660871578097
1029,renatoFernandez53,Black,69.6,165.4,3,3,1,10,12.860793132618221
1030,Don_Andriyan,White,80.7,101.1,2,5,4,26,10.054849576199537
1031,elgazar100,White,91.5,56.1,2,4,5,41,7.489993324429602
1032,CristopherCondoloo,White,78.6,138.2,6,7,5,47,11.755849607748475
1033,gormenghastly,White,80.8,79.7,3,3,5,29,8.927485648266257
1034,luchoxjazz,Black,82.1,66.2,3,3,7,27,8.136338242723197
1035,Betinhozua,White,81.4,69.4,1,7,5,29,8.330666239863412
1036,croncksiiete,Black,85.7,52.4,1,0,2,17,7.238784428341543
1037,xadrezdaantiga,Black,79.7,132.9,5,4,2,33,11.52822622956368
1038,serjiusfedron,White,81.7,116.0,5,10,6,39,10.770329614269007
1039,Theodor1936,White,91.3,53.8,1,5,4,37,7.334848328356899
1040,Emirnacir,Black,79.3,112.8,8,4,3,38,10.620734437881403
1041,Chessachieve,White,86.1,58.0,5,4,7,71,7.615773105863909
1042,asasinator93,Black,68.6,154.5,2,2,6,13,12.429802894656053
1043,cgtw888,White,84.4,64.6,2,4,6,36,8.037412518964047
1044,TCHERKEZIAN,White,84.9,59.0,1,4,3,31,7.681145747868608
1045,NJ75,Black,77.8,81.1,6,6,7,43,9.00555384193554
1046,alshamrdal,Black,76.9,152.2,4,7,7,32,12.336936410632909
1047,Miccaa,Black,80.8,92.1,2,4,4,29,9.596874491208062
1048,EARON5,White,80.2,104.8,7,7,6,51,10.237187113655782
1049,Chi07chi,Black,81.2,83.4,4,1,5,21,9.132360045464699
1050,Chi07chi,White,86.3,53.2,0,7,9,43,7.293833011524188
1051,Chi07chi,Black,79.0,119.9,9,8,10,63,10.94988584415381
1052,Profovka,White,87.1,53.2,1,3,3,33,7.293833011524188
1053,jimmyalcansado,Black,80.3,81.8,7,7,6,46,9.044335243676011
1054,Vigarma,White,83.8,76.6,1,3,3,27,8.752142594816426
1055,PiecesOf8,Black,84.5,42.3,0,3,2,19,6.5038450166036395
1056,mutaztaj1212,Black,97.7,6.6,0,0,1,14,2.569046515733026
1057,Charles121CM,White,81.3,107.3,3,3,3,32,10.358571330062848
1058,RussoTuristo,White,79.6,126.1,4,4,4,25,11.229425630903835
1059,Deepwater_01,Black,78.9,87.9,7,5,8,53,9.375499986667378
1060,KUDA-PTH,White,89.3,54.2,1,11,10,62,7.362064927722384
1061,ere_valadez,White,77.9,117.8,2,2,1,15,10.853570840972107
1062,vacio,Black,80.9,108.1,3,2,1,14,10.397114984456024
1063,Santa1986RU,White,83.2,93.9,4,15,9,70,9.690201236300513
1064,reyz828,White,87.1,33.5,0,1,7,21,5.787918451395113
1065,chingizildyrym,Black,90.1,31.0,0,1,5,22,5.5677643628300215
1066,ttnatu,White,85.8,69.3,5,5,4,59,8.324662155306964
1067,ttnatu,Black,90.2,30.4,0,0,4,13,5.513619500836088
1068,jabr007,Black,81.1,62.0,1,9,4,30,7.874007874011811
1069,hammerjoe,White,79.4,84.6,4,5,10,42,9.197825830053535
1070,hammerjoe,Black,79.2,108.8,8,5,8,38,10.430723848324238
1071,Coolsummer001,Black,90.4,35.2,0,2,6,26,5.932958789676531
1072,hamburguesaconpapas,White,81.5,98.4,2,8,4,39,9.919677414109795
1073,paulbroekhuyse,Black,84.5,66.8,3,8,6,44,8.17312669668102
1074,anuragvish,White,80.9,91.0,3,3,5,30,9.539392014169456
1075,Bomb_Man,Black,85.1,84.7,8,5,5,52,9.20326029187483
1076,yulbri,White,85.8,37.3,0,3,2,23,6.107372593840988
1077,melik044,Black,92.8,32.8,1,1,3,26,5.727128425310541
1078,chesslandeur,White,78.7,104.3,3,12,15,53,10.21273714534943
1079,Talalium,White,88.2,38.8,0,2,2,19,6.2289646009589745
1080,mShezny,Black,83.4,58.9,1,3,5,27,7.674633541739957
1081,Kareemelshenawy,White,94.5,17.5,0,1,1,22,4.183300132670378
1082,Lapabi94,Black,82.7,70.9,4,6,7,44,8.420213774008355
1083,mehran4836,Black,85.5,43.7,0,2,4,19,6.610597552415364
1084,vlad_clumsy_fox,White,89.2,80.5,2,4,7,38,8.972179222463181
1085,barniol,Black,85.4,69.0,2,2,8,31,8.306623862918075
1086,barniol,White,85.3,65.5,1,9,6,50,8.093207028119323
1087,damfid,Black,86.8,85.2,10,3,6,69,9.23038460737146
1088,NjovuA,White,90.0,35.2,0,4,4,32,5.932958789676531
1089,andrea64,Black,90.2,59.0,7,6,11,77,7.681145747868608
1090,Nankit,Black,79.6,81.5,7,1,11,49,9.027735042633894
1091,Muhammadiqbal212,White,79.7,136.5,4,14,6,45,11.683321445547923
1092,Yury51,Black,92.7,36.7,1,2,10,43,6.058052492344384
1093,magnusDoubleCopy,White,79.4,108.7,10,15,10,79,10.425929215182693
1094,sebalejo,White,79.5,89.2,1,5,3,22,9.444575162494075
1095,Sasha6027,Black,84.2,75.5,3,8,6,35,8.689073598491383
1096,AlexSpesh,White,85.5,103.8,9,13,7,81,10.188228501560022
1097,ThePythonGambit,Black,81.9,71.8,3,3,5,27,8.473488065725943
1098,MS989,Black,70.4,174.7,6,2,2,22,13.21741275741966
1099,Rudovideo,White,84.2,79.2,2,7,3,34,8.899438184514796
1100,ManintheGlass_0254,Black,79.3,97.8,7,8,13,54,9.889388252060893
1101,kajakas91,White,90.3,104.1,1,2,0,23,10.202940752547766
1102,madrij17,Black,82.3,56.0,1,2,8,24,7.483314773547883
1103,IamJappe,White,87.1,59.8,2,3,7,38,7.733045971672482
1104,abuu124,Black,85.9,43.1,2,4,5,50,6.565059024867941
1105,tamulmultactics,White,84.9,65.5,2,7,7,49,8.093207028119323
1106,RichardQuilichao,Black,86.8,57.8,3,4,7,38,7.602631123499285
1107,Stader_Loewe,White,88.1,44.3,0,8,4,42,6.6558245169174945
1108,Nando2023,White,89.5,30.9,0,2,1,20,5.558776843874918
1109,ulnarfondo,Black,92.9,47.5,3,4,8,47,6.892024376045111
1110,KingMagma,White,91.4,114.4,2,1,1,29,10.69579356569675
1111,subiyati74,Black,68.3,141.9,7,5,4,27,11.912178642045292
1112,dhekzter,White,96.9,28.6,0,1,3,24,5.347896782848375
1113,atamer69,Black,85.5,88.5,1,1,2,19,9.40744386111339
1114,yuriychessmaster,White,74.4,210.0,7,5,4,33,14.491376746189438
1115,Faluro1,White,92.0,54.0,1,5,9,39,7.3484692283495345
1116,francescotal,White,71.8,138.7,7,6,6,35,11.77709641634983
1117,MekusMD,Black,85.3,51.5,3,3,5,37,7.176350047203662
1118,JC_JADEJA,White,90.5,49.4,0,7,3,39,7.0285133563222315
1119,canomariangel,Black,86.1,44.0,1,1,3,16,6.6332495807108
1120,Mauri_94,Black,92.5,31.7,0,2,3,22,5.630275304103699
1121,bakan,Black,80.7,86.3,3,0,3,17,9.289779329994873
1122,Gennadiy1958,Black,88.4,50.1,2,6,7,50,7.078135347674555
1123,arielmroque,Black,86.6,61.4,6,11,8,81,7.835815209663893
1124,AmarKumarMahto,White,85.9,78.7,2,8,13,55,8.87130204648675
1125,AmarKumarMahto,Black,78.1,122.4,5,3,9,38,11.063453348751466
1126,twineagles,White,91.7,30.3,0,2,7,39,5.504543577809154
1127,ingmar2202,White,88.7,48.2,2,10,9,64,6.942621983083913
1128,kasapi1,Black,92.7,40.5,3,2,2,43,6.363961030678928
1129,jeroddant,White,87.4,49.3,1,1,6,23,7.021395872616783
1130,Chapadovisky,Black,81.6,70.4,3,3,2,34,8.390470785361213
1131,mike_anas-jr,Black,76.1,147.9,8,1,6,30,12.161414391426682
1132,crystal_king,White,84.9,43.9,0,2,4,14,6.6257075093909785
1133,skw60,White,84.4,65.1,3,10,5,61,8.068457101577723
1134,Anderskezers,Black,79.9,112.8,10,9,6,52,10.620734437881403
1135,firmamampetua,White,79.7,77.7,1,6,2,26,8.814760348415605
1136,bukanmain,Black,79.4,130.4,3,4,1,27,11.419281938896159
1137,guatache2022,White,84.7,60.2,3,10,5,62,7.758865896508329
1138,pessimisive,Black,89.6,29.5,0,1,5,24,5.431390245600108
1139,manoug,White,78.4,82.5,2,7,5,32,9.082951062292475
1140,kaushik2020,White,79.1,115.9,3,7,8,29,10.765686229869418
1141,RussianTexan,Black,78.9,71.8,1,2,2,12,8.473488065725943
1142,JorgeReinhos,Black,82.9,59.0,2,3,3,26,7.681145747868608
1143,ghazi57,White,93.3,25.0,0,2,6,43,5.0
1144,alex672,Black,82.0,68.0,2,4,5,25,8.246211251235321
1145,Davod3092,White,79.4,132.4,1,5,4,17,11.50651989091402
1146,leotf,Black,78.2,78.5,10,9,11,66,8.860022573334675
1147,Kaeptn_Kran,White,77.6,145.7,7,6,7,40,12.070625501605125
1148,supriadi_org,White,84.5,52.6,0,11,8,56,7.252585745787498
1149,Petro1984,Black,77.7,131.8,6,8,9,41,11.480418110852932
1150,jaskakurusta,Black,89.4,27.1,0,1,2,23,5.205766033928148
1151,mamuzicdjordje,Black,80.2,108.4,7,3,4,37,10.411532067856296
1152,Krupo26,White,94.7,33.3,0,1,6,24,5.770615218501403
1153,tmat29,White,82.7,61.6,1,4,10,34,7.848566748139434
1154,Shriyam26,Black,87.9,87.2,3,1,4,26,9.338094023943002
1155,Andreykuba22,White,90.5,29.2,0,1,3,19,5.403702434442518
1156,Marhinggan_Tamba,Black,74.1,102.1,6,10,5,41,10.104454463255301
1157,Gajah_Terang,Black,81.6,84.4,4,8,11,47,9.186947262284681
1158,jakob2700,White,88.2,72.8,2,5,4,55,8.532291603080617
1159,panskie,Black,83.6,94.7,6,3,10,35,9.731392500562292
1160,MirthfulMaster,White,78.9,143.9,4,10,3,25,11.995832609702422
1161,ManMucho1000,White,77.5,114.3,4,14,4,40,10.691117808723277
1162,ManMucho1000,Black,71.1,153.1,10,7,5,39,12.373358476985947
1163,ManMucho1000,White,79.4,123.1,11,8,7,77,11.095043938624128
1164,Mugnas_Corlsan,Black,91.8,64.4,5,2,7,44,8.024961059095553
1165,RoamGER,White,80.6,80.0,3,13,6,58,8.94427190999916
1166,Zobec,Black,87.9,53.6,3,4,6,48,7.321202087089251
1167,Phart,White,79.9,78.3,1,7,11,34,8.848728722251575
1168,aracena2020,Black,80.8,89.9,10,10,9,70,9.481561052906848
1169,Gamesadda,White,78.8,113.5,2,3,2,18,10.653637876331258
1170,MonkeyPig,Black,86.7,66.7,4,2,6,38,8.167006795638168
1171,grof87,Black,81.2,67.4,3,4,3,28,8.209750300709517
1172,kagadhor,White,84.2,64.0,1,15,11,61,8.0
1173,alexacuatic,White,91.7,44.8,2,4,2,44,6.6932802122726045
1174,dasielAG,White,90.9,34.8,0,1,2,12,5.89915248150105
1175,vukiller7,Black,83.6,75.3,4,2,5,39,8.677557259966655
1176,ajm225,Black,85.5,54.2,3,3,4,38,7.362064927722384
1177,Yurii_1947,White,76.9,106.1,10,18,10,75,10.300485425454472
1178,selami011235,Black,87.4,43.2,0,3,5,22,6.572670690061994
1179,selami011235,White,86.2,82.2,2,5,3,25,9.06642156531451
1180,selami011235,Black,82.3,62.0,2,1,5,21,7.874007874011811
1181,lled19,White,87.5,45.3,0,7,5,41,6.730527468185536
1182,dequatre,Black,79.6,100.6,2,4,1,17,10.029955134495866
1183,sleetone,Black,85.9,70.8,2,0,0,14,8.414273587185052
1184,hencosky,Black,72.3,164.9,2,1,1,7,12.841339493993608
1185,hencosky,White,82.2,80.2,1,2,1,16,8.955445270895245
1186,hencosky,Black,87.4,48.0,2,3,9,54,6.928203230275509
1187,hencosky,White,82.1,96.3,8,15,6,72,9.813256340277675
1188,UriyP1,Black,74.7,147.0,10,8,9,48,12.12435565298214
1189,Brambang,White,73.5,126.1,4,4,0,20,11.229425630903835
1190,Toyosi,Black,83.2,90.5,4,2,4,21,9.513148795220223
1191,Nurcha,Black,90.3,46.8,3,5,10,59,6.841052550594828
1192,gsm41,White,84.0,91.4,2,7,6,33,9.560334722173696
1193,bitsignal,Black,72.2,161.8,3,1,1,12,12.720062892926277
1194,Emelyanov_M,White,73.2,112.4,3,11,7,37,10.601886624558858
1195,Nawrashk,White,89.3,34.5,0,2,6,28,5.873670062235365
1196,sprs123,White,88.2,56.4,1,8,12,58,7.5099933422074345
1197,oill,Black,92.5,32.6,0,1,4,17,5.709640969448079
1198,SonerGokdag,Black,81.6,101.2,4,1,3,22,10.059821071967434
1199,Mostaafaa,White,84.7,79.0,5,4,10,65,8.888194417315589
1200,Azhibekov,Black,79.4,110.5,7,8,8,45,10.51189802081432
1201,makrane,White,92.2,20.2,0,1,2,22,4.494441010848846
1202,Xmarvel_a,Black,78.9,62.5,4,4,4,33,7.905694150420948
1203,Rustomchess,Black,88.0,112.6,4,5,7,35,10.611314715905847
1204,MisterDonNiko,Black,74.3,175.2,4,1,2,16,13.236313686219438
1205,limamarcelo,White,90.9,36.5,0,3,10,46,6.041522986797286
1206,limamarcelo,Black,78.7,89.3,8,1,6,41,9.44986772394196
1207,Tima1234567,Black,93.1,16.6,0,2,5,55,4.0743097574926725
1208,rokada2,White,89.0,27.9,0,0,7,36,5.282045058497703
1209,JonathanGartin,Black,93.1,19.9,0,1,3,22,4.460941604639093
1210,trhome,Black,94.7,13.1,0,0,1,10,3.6193922141707713
1211,timewaste_shatranj,White,84.4,74.0,1,9,5,36,8.602325267042627
1212,Raphplayschess,White,76.4,122.9,5,9,8,37,11.086027241532468
1213,nortonattack,White,79.3,117.2,4,7,17,57,10.825894882179487
1214,igrok_Liubitel,Black,85.6,51.3,1,3,4,21,7.162401831787993
1215,Kapoka24,White,82.0,66.5,0,9,9,40,8.154753215150045
1216,marianogp96,Black,84.2,66.0,1,2,6,20,8.12403840463596
1217,Cristian1771,Black,81.0,78.1,5,6,9,43,8.83742043811428
1218,repacio57,White,84.5,46.3,1,3,11,43,6.8044103344816
1219,Peter50,Black,88.1,76.5,3,3,3,32,8.74642784226795
1220,B00721,White,91.7,53.0,1,2,7,25,7.280109889280518
1221,Mollazadeh,Black,84.8,83.8,5,2,6,36,9.154233993076646
1223,NicuBoldijar,Black,89.5,67.6,6,7,4,82,8.221921916437786
1224,RamendraMazumder,White,82.8,64.4,1,4,5,32,8.024961059095553
1225,Paul8900,Black,83.5,108.8,4,1,4,19,10.430723848324238
1226,Matrix1,White,90.1,47.1,2,5,7,58,6.862943974709396
1227,Mazorcasuprema04,Black,81.3,104.5,5,12,2,40,10.222524150130436
1228,Enjoy1945,White,84.8,122.4,3,8,6,37,11.063453348751466
1229,ahmetselimturkaslan,Black,92.3,26.9,0,2,0,14,5.186520991955976
1230,Amakakeru257,Black,78.1,84.1,2,4,2,17,9.1706052144883
1231,boardblaster2007,Black,80.6,115.4,3,2,7,27,10.742439201596628
1232,Mazorcasuprema04,White,92.6,30.3,1,4,10,75,5.504543577809154
1233,Kingspoint,White,78.7,133.2,2,0,3,16,11.541230437002806
1234,motubmiku,White,82.5,70.1,2,3,7,33,8.372574275573792
1235,myates1970,Black,83.8,82.8,12,8,7,85,9.09945053286186
1236,SPARTANO23,Black,80.9,110.4,4,5,1,28,10.507140429250958
1237,limamarcelo,White,81.0,78.2,2,4,10,35,8.843076387773658
1238,bolt123,Black,90.3,53.4,1,2,0,17,7.307530362578044
1239,gons74,Black,86.4,88.6,3,2,5,24,9.412757300600074
1240,PREGGNANANDHAA,White,78.7,77.7,3,6,7,37,8.814760348415605
1241,Nis_12,Black,92.0,26.6,0,2,2,19,5.157518783291051
1242,Mok94,White,83.2,64.3,2,3,7,29,8.018728078691781
1243,Vermulen,Black,83.7,65.5,2,3,3,22,8.093207028119323
1244,bventil,White,85.0,74.1,1,5,3,28,8.608135686662937
1245,pionbatu,Black,86.9,121.3,5,6,5,40,11.013627921806693
1246,tidakbegitu,Black,82.7,85.6,6,1,4,27,9.252026804976301
1247,pacoso,White,91.7,35.1,0,2,6,31,5.92452529743945
1248,bihi61,White,84.7,60.1,2,11,6,55,7.752418977325722
1249,credicell,Black,87.7,77.2,2,0,8,28,8.78635305459552
1250,Abdullah2lose,Black,78.8,97.2,3,2,3,23,9.85900603509299
1251,fh55,Black,89.8,72.7,5,7,1,66,8.526429498916883
1252,fh55,White,88.8,47.3,1,12,11,78,6.877499545619759
1253,fh55,Black,76.1,145.3,7,12,7,48,12.054044964243332
1254,fh55,White,82.8,86.4,4,7,7,65,9.2951600308978
1255,fh55,Black,77.9,97.5,3,7,0,25,9.874208829065749
1256,fh55,White,79.1,107.9,6,8,7,57,10.387492478938313
1257,fh55,Black,78.9,108.3,2,1,4,19,10.406728592598157
1258,fh55,White,85.6,48.0,0,5,2,27,6.928203230275509
1259,fh55,Black,76.8,106.8,3,3,3,20,10.334408546211051
1260,fh55,White,85.4,69.8,4,12,7,76,8.35463942968217
1261,mth1983,White,83.8,80.4,3,6,4,36,8.966604708583958
1262,phm93,Black,82.7,61.8,1,3,2,21,7.861297602813418
1263,SmokingCastle,Black,80.1,75.7,2,4,2,25,8.700574693662483
1264,ChiefStyles,Black,90.2,25.7,0,0,4,16,5.06951674225463
1265,ChiefStyles,White,87.9,44.1,0,3,11,36,6.640783086353597
1266,nastiushka,Black,72.6,121.0,5,6,7,28,11.0
1267,burhan4it,White,80.6,119.8,4,8,11,43,10.945318634009702
1268,Talmanes_Dalovinde,White,74.1,177.6,2,4,4,17,13.326664999166145
1269,Moutaouakil,Black,83.7,104.6,4,7,7,53,10.227414140436476
1270,iliasseahmed77,White,86.2,57.6,2,1,3,30,7.58946638440411
1271,Dr37up,Black,93.7,33.6,0,4,8,40,5.796550698475776
1272,Marvin_113,White,83.6,62.2,0,11,7,44,7.886697661252142
1273,OscarLiendo,Black,90.3,65.4,4,5,3,34,8.087026647662292
1274,mohammad_shamabadi,White,82.0,90.9,6,10,10,71,9.534149149242422
1275,jhonathang2020,Black,94.9,20.7,0,1,3,29,4.54972526643093
1276,Ser_Dem,White,83.6,119.6,4,5,8,37,10.936178491593852
1277,Houssem97tn,White,80.1,67.3,1,7,6,31,8.203657720797473
1278,R_Zesa,Black,84.0,55.8,2,5,7,33,7.469939758793239
1279,mogrim1982,White,77.3,107.0,5,11,9,51,10.344080432788601
1280,giegorz,Black,83.9,68.3,5,2,6,42,8.264381404557755
1281,Thaux,Black,83.1,60.6,3,5,7,52,7.784600182411426
1282,Xalis,Black,78.0,123.1,5,2,6,28,11.095043938624128
1283,Efenudu1,White,87.8,38.7,0,2,5,25,6.220932405998316
1284,Mou55a,White,86.6,55.1,0,5,7,28,7.422937423958254
1285,MostafaKaram223,Black,84.8,85.4,6,7,6,49,9.241212041718338
1286,MostafaKaram223,White,86.2,109.4,4,5,4,50,10.459445491994305
1287,MostafaKaram223,Black,88.0,59.1,4,5,8,55,7.687652437513028
1288,MostafaKaram223,White,77.3,130.5,5,11,9,45,11.423659658795863
1289,MostafaKaram223,Black,84.5,69.7,5,2,3,34,8.34865258589672
1290,LadislauBecze,Black,85.9,69.6,3,4,5,27,8.342661445845684
1291,LadislauBecze,White,91.0,51.1,0,13,3,55,7.148426400264607
1292,LadislauBecze,Black,81.8,120.2,8,5,12,46,10.963576058932597
1293,LadislauBecze,White,91.3,52.1,0,3,5,22,7.2180329730474355
1294,evercito,White,82.2,59.4,1,4,4,27,7.707139547199077
1295,zorin1974,White,80.2,80.8,5,10,8,60,8.988882021697693
1296,Nippur77,Black,84.7,113.4,5,6,8,46,10.648943609579309
1297,saman111,White,90.4,50.9,1,8,11,58,7.134423592694787
1298,Bobby_Online,Black,83.9,88.0,5,1,6,30,9.38083151964686
1299,Djjamarrr,White,80.7,92.3,2,8,7,40,9.60728889958036
1300,Roberticov,Black,85.4,59.1,3,7,7,47,7.687652437513028
1301,DEN-MAS,Black,85.4,82.5,8,4,5,41,9.082951062292475
1302,koushan63,White,83.2,68.0,2,4,5,36,8.246211251235321
1303,Virat_Raj,Black,87.2,56.5,1,2,2,20,7.516648189186454
1304,IYaHFAith,White,81.4,58.2,0,4,2,18,7.628892449104261
1305,karik29842984,Black,87.6,51.2,2,1,4,31,7.155417527999327
1306,kostia_bk,Black,73.1,134.6,10,10,13,53,11.60172400981854
1307,Spilman339,White,87.9,64.9,4,6,9,70,8.056053624449133
1308,Yhanz24,Black,80.2,88.4,5,3,4,30,9.402127418834526
1309,FernandoTNimtharu,White,85.4,59.2,1,4,6,46,7.694153624668538
1310,aimansultan,White,84.1,60.3,2,8,1,45,7.76530746332687
1311,chayoose,Black,83.0,70.7,4,6,4,44,8.408329203831164
1312,Danild08,Black,87.4,85.4,4,9,5,38,9.241212041718338
1313,Joy4chess,White,92.3,30.3,0,1,2,10,5.504543577809154
1314,Fahmi_BKM,White,82.5,103.9,3,5,5,35,10.193134944657606
1315,Artem-1805,Black,86.6,56.9,2,2,3,22,7.543208866258444
1316,Leyto_Vill,Black,86.0,149.3,1,0,0,10,12.218837915284743
1317,ElMagoPuntano,White,82.8,82.1,3,5,8,39,9.060905032059436
1318,SPARTANO23,Black,77.8,109.7,5,6,2,26,10.47377677822093
1319,Monkeyprince,Black,84.6,85.6,2,0,2,16,9.252026804976301
1320,a198,White,87.0,80.0,3,6,2,42,8.94427190999916
1321,Joemags75,White,86.1,74.1,1,6,2,23,8.608135686662937
1322,gu5t1,Black,76.2,148.0,11,3,6,43,12.165525060596439
1323,Boscheh,White,74.9,123.4,3,10,5,32,11.108555261599053
1324,Nurjv,Black,67.4,122.8,4,2,3,17,11.081516141756055
1325,tsumeversu,White,84.7,66.2,3,2,5,38,8.136338242723197
1326,Trango1808,Black,87.1,85.2,2,6,8,31,9.23038460737146
1327,Z2304,Black,79.2,175.1,2,1,3,15,13.232535660258014
1328,arisgepeng,White,78.8,111.1,1,7,9,24,10.540398474441087
1329,elbossdetuboss,White,79.9,66.2,1,4,2,25,8.136338242723197
1330,Alex1984chess,Black,86.7,82.9,6,7,10,54,9.10494371207203
1331,salimduman,Black,90.7,81.0,3,2,12,29,9.0
1332,salimduman,White,90.1,41.0,0,7,5,41,6.4031242374328485
1333,skmtt,White,78.9,105.1,2,3,3,21,10.251829105091442
1334,NeilCuba,Black,93.0,48.7,4,4,6,51,6.978538528947161
1335,NeilCuba,White,83.7,132.1,2,1,2,18,11.493476410555685
1336,NeilCuba,Black,92.1,25.9,0,0,4,24,5.089204259999788
1337,ViejoDeivid,White,79.9,122.3,4,7,7,37,11.058933040759403
1338,lugopedro,White,85.4,73.6,2,9,5,44,8.579044235810887
1339,MrScrumps,Black,80.3,125.9,11,9,9,68,11.220516922138659
1340,DE_EnareS,White,88.5,40.9,1,7,7,51,6.395310782127793
1342,Enot73,White,81.4,82.0,3,2,15,47,9.055385138137417
1343,Enot73,Black,86.0,65.2,3,7,5,32,8.07465169527454
1344,abhinav279,White,78.4,85.7,4,5,5,39,9.257429448826494
1345,Girinis1,White,90.8,38.1,1,4,4,48,6.172519744804386
1346,RushMugisha,Black,75.7,112.8,5,0,6,19,10.620734437881403
1347,zugzwang0551,White,82.4,116.0,2,2,5,27,10.770329614269007
1348,kroyee,Black,87.7,38.6,2,3,3,42,6.212889826803627
1349,gn9382,Black,85.7,76.9,2,1,1,16,8.769264507357502
1350,sekhavat66,Black,89.8,49.1,2,5,4,36,7.00713921654194
1351,penpalrdro,White,82.1,60.5,0,6,4,26,7.7781745930520225
1352,ig-18-or,White,85.5,58.5,1,6,10,44,7.648529270389178
1353,eddyfz,White,80.6,106.7,3,12,8,45,10.329569206893384
1354,imanmegat2,Black,86.0,79.0,3,6,7,37,8.888194417315589
1355,talsassassin,White,70.7,136.1,3,5,6,23,11.666190466471907
1356,bishop1988,Black,81.3,98.2,4,8,8,40,9.909591313469996
1357,dudoroff,White,86.3,87.9,2,11,8,49,9.375499986667378
1358,Genyuta_06,Black,84.9,72.2,4,4,10,48,8.497058314499201
1359,arash44,Black,92.6,46.2,2,10,5,56,6.797058187186572
1360,Tomor,Black,92.8,37.6,1,1,5,39,6.131883886702357
1361,bishob69,White,92.5,36.6,0,4,6,31,6.04979338490167
1362,tatochka19,White,78.6,87.8,3,2,11,37,9.370165420097983
1363,jayjayzer,White,84.8,104.9,2,5,2,19,10.242070103255495
1364,busnana,Black,79.0,83.8,3,4,5,31,9.154233993076646
1365,varerick,White,83.1,76.9,1,3,1,15,8.769264507357502
1366,smahdi09,Black,74.6,80.2,2,9,7,32,8.955445270895245
1367,luisoso,Black,71.8,125.7,4,12,6,37,11.211601134539169
1368,cide37,White,76.7,133.9,3,1,2,17,11.571516754514077
1369,beriddle,Black,79.7,87.9,2,4,5,22,9.375499986667378
1370,sebalejo,Black,81.5,76.1,3,3,3,28,8.723531395025756
1371,QuakQuakQuak31,White,86.5,51.2,0,12,7,59,7.155417527999327
1372,GaloTsuki,White,75.6,110.1,2,5,3,21,10.492854711659739
1373,jakob2700,White,86.5,81.1,1,8,9,33,9.00555384193554
1374,navidkh,Black,80.9,77.8,7,3,8,50,8.820430828479978
1375,Foesmasher,White,87.5,82.1,3,5,5,34,9.060905032059436
1376,Luking19,White,87.4,59.9,1,5,3,27,7.739509028355739
1377,ratomir,Black,72.2,143.6,7,1,0,23,11.983321743156194
1378,faircant,Black,81.5,101.2,4,3,1,20,10.059821071967434
1379,neufeld,Black,84.4,80.1,6,1,7,33,8.949860334105779
1380,CantankerousDarkling,White,85.1,103.8,2,1,3,20,10.188228501560022
1381,CTorre_1925,Black,87.5,77.1,5,9,1,47,8.780660567406077
1382,Sixto22,White,89.7,27.6,0,2,7,46,5.253570214625479
1383,sirosisiro,Black,76.1,106.9,4,8,5,31,10.339245620450265
1384,dirk41211,White,87.0,70.0,5,5,6,64,8.366600265340756
1385,gunting_12,White,92.3,21.3,0,1,2,23,4.61519230368573
1386,nadremark,Black,78.9,119.5,5,2,9,29,10.931605554537724
1387,nadremark,White,91.7,19.1,0,1,1,13,4.370354676682432
1388,nadremark,Black,84.8,50.4,1,2,2,22,7.0992957397195395
1389,Angel-Cayol,Black,80.2,87.5,3,2,11,26,9.354143466934854
1390,c0olreason,White,80.0,75.9,3,11,9,52,8.712060605849802
1391,hodhod_soliman9,Black,80.5,76.5,3,4,4,24,8.74642784226795
1392,Atolush,White,81.2,84.1,4,9,7,52,9.1706052144883
1393,SaraAlie,White,90.3,70.5,2,3,8,37,8.396427811873332
1394,iquantum682,Black,81.3,98.1,2,1,1,15,9.904544411531507
1395,shachdov,White,88.4,41.8,0,3,2,15,6.465291950097845
1396,shachdov,Black,81.2,56.0,2,2,6,30,7.483314773547883
1397,shachdov,White,89.2,59.3,1,12,11,62,7.700649323271382
1398,shachdov,Black,81.8,79.2,6,4,4,43,8.899438184514796
1399,shachdov,White,75.9,172.8,4,2,2,20,13.145341380123988
1400,rene0104,Black,87.3,46.2,0,6,2,28,6.797058187186572
1401,Faris_jarot,White,82.5,81.2,2,5,4,28,9.011104260855047
1402,moshiach770,Black,81.0,102.0,6,4,0,32,10.099504938362077
1403,SIANGTIGER99,White,82.6,75.0,2,7,5,41,8.660254037844387
1404,Rorro21h,Black,89.8,53.4,3,8,4,52,7.307530362578044
1405,James_Stack,White,77.6,120.0,2,3,2,12,10.954451150103322
1406,ersacan1,White,78.3,120.8,6,10,11,53,10.99090533122727
1407,ssplays,Black,82.0,75.1,3,1,5,22,8.666025617317317
1408,nik58nik,Black,82.1,66.7,4,5,8,48,8.167006795638168
1409,sumukh_hs,Black,91.3,34.3,0,1,1,12,5.856620185738529
1410,fiowe,White,85.1,79.8,2,8,5,32,8.933084573650918
1411,ntkarale,White,74.9,119.3,2,2,6,18,10.922453936730518
1412,kkkkiran,White,87.6,57.2,2,7,7,64,7.563068160475615
1413,alladan12,Black,82.6,74.0,8,11,12,88,8.602325267042627
1414,endpawn1,White,81.6,74.6,5,3,9,55,8.637129152675673
1415,igor717171,White,85.5,41.2,0,3,3,20,6.418722614352485
1416,YuraBiuk,Black,91.4,52.2,3,4,7,47,7.224956747275377
1417,Reinzez9328,Black,76.2,129.9,2,0,3,9,11.397368117245314
1418,PUKKUP,Black,82.7,72.0,1,4,4,22,8.48528137423857
1419,play-Jere_95,Black,87.2,70.8,4,4,4,51,8.414273587185052
1420,Xalo21,White,91.2,65.3,1,6,7,31,8.080841540334768
1421,henzdrow_cool,Black,89.2,45.7,2,4,4,43,6.760177512462229
1422,henzdrow_cool,White,87.3,65.1,2,3,8,42,8.068457101577723
1423,henzdrow_cool,Black,78.5,76.7,4,6,5,32,8.757853618324527
1424,ullimanx,Black,89.4,26.9,0,0,4,23,5.186520991955976
1425,AntonU2000,Black,89.8,39.7,2,2,6,59,6.300793600809346
1426,ntsako72,White,77.0,102.7,2,9,6,33,10.134100848126586
1427,CelsoLima,White,87.8,50.3,0,6,1,24,7.092249290598858
1428,CelsoLima,Black,90.0,30.7,0,1,6,20,5.540758070878027
1429,naser4,White,87.9,56.8,2,5,9,61,7.536577472566709
1430,Tripadi,White,82.2,92.4,1,2,2,19,9.612491872558333
1431,bobi54,White,83.1,66.0,1,3,4,21,8.12403840463596
1432,TM_One_Brain,Black,89.8,51.5,3,1,0,30,7.176350047203662
1433,NursultanTastenbek,White,91.0,35.2,0,1,2,14,5.932958789676531
1434,mitr1966,Black,80.9,97.9,8,4,6,52,9.894442884771228
1435,BHYKCCCP,Black,81.0,72.1,4,6,3,35,8.491171886141512
1436,DerEisenMaker,Black,82.9,79.8,7,5,6,71,8.933084573650918
1437,juan713713,White,77.3,108.0,3,11,7,41,10.392304845413264
1438,hungry_utya,White,77.7,111.2,1,4,1,13,10.545141061171254
1439,Erko1997,Black,77.9,91.1,5,11,8,48,9.544631999192006
1440,simranjethwani,Black,87.7,40.5,1,6,5,61,6.363961030678928
1441,aldanieles,White,89.6,52.7,1,5,1,45,7.259476565152615
1442,aldanieles,Black,89.9,59.0,4,7,7,58,7.681145747868608
1443,aldanieles,White,96.0,14.0,0,0,4,38,3.7416573867739413
1444,aldanieles,Black,84.3,87.0,2,5,4,26,9.327379053088816
1445,tyramo,Black,86.0,46.8,2,0,4,21,6.841052550594828
1446,Marsigliese,White,92.5,35.9,0,4,8,47,5.991660871578097
1447,amineghafir,Black,86.7,40.8,0,1,5,17,6.387487769068525
1448,Dudule92,White,87.4,43.3,2,6,6,59,6.58027355054484
1449,paatalbhairavi,White,77.3,96.4,1,9,4,33,9.818350166906862
1450,Cisza77,Black,91.1,60.2,3,1,2,30,7.758865896508329
1451,Eminencia84,Black,83.5,67.4,1,6,5,34,8.209750300709517
1452,PSYCHOPATHLUGU,White,78.8,94.9,1,2,2,15,9.741663102366044
1453,nf_9999,Black,78.4,97.6,6,4,6,36,9.879271228182775
1454,olechka_buzava,White,83.7,65.8,0,8,8,35,8.1117199162693
1455,AlucardII,Black,82.0,90.8,3,5,8,32,9.528903399657276
1456,ramezkarehh,White,79.8,127.4,5,8,6,42,11.28716084761797
1457,SunLord58,White,82.8,88.8,1,1,2,14,9.423375191511797
1458,Coolsummer001,Black,81.6,58.2,2,8,7,45,7.628892449104261
1459,Caremon,Black,75.3,134.7,2,4,2,18,11.606032913963324
1460,siyasies11,White,81.0,113.9,3,3,2,26,10.67239429556461
1461,Houssem97tn,Black,85.3,52.4,2,3,7,32,7.238784428341543
1462,uxim,Black,75.5,140.1,6,4,5,33,11.836384583140243
1463,jvl-48,Black,85.2,47.8,1,6,3,37,6.913754406977442
1464,Tatang10,White,87.9,58.8,0,7,5,28,7.6681158050723255
1465,javicu,White,86.2,43.3,1,2,6,31,6.58027355054484
1466,aregono,Black,92.9,34.3,1,5,1,36,5.856620185738529
1467,Buki66,White,81.7,98.6,3,10,6,39,9.929753269845127
1468,Ddiapp,Black,74.1,130.7,7,8,8,42,11.43241006962224
1469,GellerMM,Black,82.8,101.2,3,1,3,31,10.059821071967434
1470,wasboueri,Black,65.0,169.1,6,5,2,22,13.003845585056753
1471,Marsigliese,White,89.6,26.7,0,1,1,17,5.167204273105526
1472,saeren,White,79.1,62.0,0,7,2,21,7.874007874011811
1473,dazak06,Black,89.9,46.5,2,4,7,38,6.819090848492928
1474,nsnutzk,Black,88.0,105.8,4,8,6,49,10.285912696499032
1475,max1305,White,91.9,45.7,1,4,11,41,6.760177512462229
1476,max1305,Black,83.3,121.5,3,2,1,15,11.022703842524301
1477,max1305,White,89.2,42.5,0,4,4,27,6.519202405202649
1478,VICTOR_CASTELO,Black,74.2,124.7,6,8,7,38,11.166915420114902
1479,Historiker58,White,69.1,158.9,3,8,5,28,12.605554331325537
1480,kupidon76,White,80.3,80.3,2,4,12,39,8.96102672688794
1481,Buki66,Black,84.4,79.6,4,2,4,35,8.921883209278185
1482,Psalter21,White,79.7,109.8,3,8,10,45,10.478549517943788
1483,ferrazferraz,Black,78.7,95.9,5,3,7,33,9.792854537876073
1484,VictorBanderov,Black,83.8,74.3,6,4,8,51,8.61974477580398
1485,aserratosa,White,88.4,60.7,0,6,6,30,7.791020472312982
1486,Abo-Lila,White,86.9,61.9,0,5,4,21,7.867655305108378
1487,Abo-Lila,Black,92.1,35.3,2,1,1,57,5.941380311005179
1488,Abo-Lila,White,87.3,42.1,1,5,4,37,6.488451279003334
1489,Tmeem,Black,83.1,81.3,3,5,0,30,9.016651263079881
1490,ezequielv10,Black,81.4,93.6,11,6,11,68,9.674709297958259
1491,Franceek,White,76.9,82.9,2,6,5,27,9.10494371207203
1492,lsz,White,77.8,134.2,3,5,2,26,11.584472366059664
1493,propG9905,White,87.2,38.5,0,4,1,28,6.2048368229954285
1494,master090,Black,70.4,185.2,6,2,6,25,13.6088206689632
1495,kikz723,White,82.6,94.1,6,12,5,66,9.70051545022222
1496,RandyW,White,82.7,62.0,1,7,7,33,7.874007874011811
1497,Blad999,Black,84.5,68.5,2,3,2,27,8.276472678623424
1498,qwertymax,Black,78.2,108.3,5,5,7,32,10.406728592598157
1499,danicape2006,White,95.0,25.2,0,0,3,20,5.019960159204453
1500,Kiesewetter,White,82.5,73.0,2,13,8,62,8.54400374531753
1501,Kiesewetter,Black,82.4,65.7,5,9,14,62,8.105553651663778
1502,sarah20_08,White,83.8,61.1,2,7,8,59,7.816648898345122
1503,moham46,White,78.6,88.7,3,6,7,34,9.418067742376882
1504,rebearesto7,White,87.6,60.2,1,9,1,38,7.758865896508329
1505,vasikhell,Black,86.9,64.2,5,3,10,60,8.012490249604053
1506,isaaCMkonda,Black,83.4,69.8,2,5,9,38,8.35463942968217
1507,KorCarpenter,White,75.3,102.2,4,10,4,35,10.10940156488009
1508,tonyzainal,Black,77.0,156.8,9,2,9,48,12.521980673998822
1509,Phenyx64,White,85.5,46.4,0,5,7,40,6.81175454637056
1510,Abo-Lila,Black,85.1,50.2,2,7,4,40,7.085195833567341
1511,Abo-Lila,White,74.6,163.6,5,14,7,49,12.790621564255586
1512,Abo-Lila,Black,84.4,74.2,3,4,2,39,8.613942186943213
1513,sabat287,Black,93.7,18.0,0,1,2,29,4.242640687119285
1514,DanG94,Black,84.8,72.1,5,4,11,44,8.491171886141512
1515,Niko2323,White,80.9,71.9,5,10,8,62,8.47938677028003
1516,Csipisz,White,80.1,58.1,0,6,6,30,7.622335600063802
1517,varerick,Black,83.3,86.8,8,11,6,56,9.316651759081692
1518,vaidas1031,White,86.0,48.7,1,3,7,43,6.978538528947161
1519,nurhansa,White,87.8,61.7,2,6,1,45,7.854934754662192
1520,Alykhalil,Black,94.5,36.9,1,11,8,71,6.074537019394976
1521,Lucky_Dog,Black,90.5,29.1,1,1,6,42,5.394441583704471
1522,SlaveChessDido,Black,77.6,102.3,3,2,4,26,10.114346246792227
1523,SlaveChessDido,White,92.6,30.0,0,1,5,30,5.477225575051661
1524,SlaveChessDido,Black,84.4,62.3,9,5,7,78,7.893034904268446
1525,nisasaka,White,79.3,94.5,5,4,7,44,9.72111104761179
1526,KutOV_2001,Black,84.6,95.2,5,11,8,61,9.757048734120374
1527,Ibanchess962,White,80.1,91.5,3,9,2,28,9.565563234854496
1528,BuTaJIbCoH,Black,68.2,190.4,14,6,5,51,13.798550648528272
1529,spaskyshadow,White,94.5,32.4,0,3,8,46,5.692099788303083
1530,dedyschka15best,Black,87.1,41.7,1,3,5,42,6.457553716385176
1531,esleygarciazuaznabar,White,80.8,95.1,2,9,4,33,9.751922887307918
1532,apenaloza75,Black,91.3,39.2,4,3,2,45,6.260990336999411
1533,KRSTIVOJE,White,88.0,49.8,0,4,2,18,7.05691150575094
1534,solaj,Black,87.6,58.0,3,6,4,38,7.615773105863909
1535,W3NTZY,Black,74.8,148.4,14,5,8,52,12.181953866272849
1536,Avetik1980,White,80.7,77.3,1,11,8,45,8.792041856133306
1537,DrGLM,White,82.9,86.0,5,11,9,61,9.273618495495704
1538,the_last_lion1,Black,85.2,87.0,5,4,6,42,9.327379053088816
1539,Sevenface,White,83.1,88.2,4,8,9,52,9.391485505499118
1540,monyarmua,White,82.0,73.2,0,4,3,16,8.555699854482976
1541,SergeyBrin,Black,82.3,91.0,4,10,7,39,9.539392014169456
1542,larazamora,Black,87.5,65.1,3,6,12,44,8.068457101577723
1543,solein,White,89.8,56.3,0,5,4,25,7.503332592921628
1544,tiptop22,White,83.1,71.3,2,10,5,41,8.44393273303382
1545,wolefuye,Black,83.8,62.2,2,2,2,18,7.886697661252142
1546,saaddd1,Black,83.2,64.2,3,5,7,47,8.012490249604053
1547,Nerone55,White,87.3,37.9,0,4,5,29,6.156297588648554
1548,rumram123,Black,85.0,78.2,7,8,10,64,8.843076387773658
1549,mukhlisamadi,White,81.6,76.2,4,9,9,53,8.729261137118078
1550,mestre1234,White,94.6,26.0,0,1,3,22,5.0990195135927845
1551,schachfuchs12,White,86.2,45.4,1,5,3,41,6.7379522111692065
1552,rovshan013,Black,82.1,128.3,10,3,8,69,11.326958991715296
1553,Jabato11,White,73.9,138.3,4,7,5,36,11.76010204037363
1554,Abidon,Black,90.6,30.5,0,3,2,35,5.522680508593631
1555,gigsbalba_21,Black,83.2,78.1,4,9,11,48,8.83742043811428
1556,Tafunmi,White,85.4,41.8,0,3,1,13,6.465291950097845
1557,Rabbo1,White,75.6,108.9,2,6,8,29,10.435516278555651
1558,jaheabang,Black,80.3,100.3,5,3,8,38,10.014988766843425
1559,wilsonkuda,White,84.7,55.1,1,3,5,29,7.422937423958254
1560,Djawas,Black,83.1,72.2,4,3,3,40,8.497058314499201
1561,sam1234321,White,84.7,76.9,2,6,6,43,8.769264507357502
1562,Hartman1968,White,84.2,62.3,3,6,3,45,7.893034904268446
1563,AngelCatten,Black,88.0,57.5,2,7,4,36,7.582875444051551
1564,wahdani,Black,88.4,46.6,1,1,1,14,6.826419266350405
1565,caiocsc,White,92.5,27.5,0,1,0,12,5.244044240850758
1566,T-I-T-A-N-S,Black,81.1,124.1,3,2,1,23,11.140017953306897
1567,bryandrck,White,88.1,46.5,0,4,5,27,6.819090848492928
1568,I_Godzilla,Black,90.7,38.2,1,3,2,31,6.180614856144977
1569,Anarky78,White,78.3,74.3,1,10,7,35,8.61974477580398
1570,Midoghamry01,Black,82.7,78.2,5,5,11,56,8.843076387773658
1571,Burnite36,Black,85.9,93.7,4,3,5,32,9.67987603226405
1572,KyrillosPhilip,White,89.7,33.0,0,2,5,26,5.744562646538029
1573,slava19501950,White,72.1,175.6,8,8,5,40,13.251415018781957
1574,rsigdel,Black,81.4,82.3,2,2,8,37,9.071934744033381
1575,dominhater,White,87.2,56.7,2,3,7,40,7.52994023880668
1576,Akshasharsh,Black,73.1,145.3,3,5,1,17,12.054044964243332
1577,palaciegos2024,Black,80.4,72.0,4,6,11,48,8.48528137423857
1578,SerK0s,White,88.3,81.0,2,13,11,54,9.0
1579,BlackSwordwarrior,White,84.3,94.6,2,2,5,27,9.726253132630262
1580,KesharaYehara,White,94.1,19.1,0,2,1,30,4.370354676682432
1581,indespicableprop,Black,86.1,47.4,2,10,8,62,6.884765791223402
1582,javier00013,Black,85.9,70.6,3,5,1,33,8.402380615040002
1583,BigBangChess21,White,80.8,91.4,4,9,13,59,9.560334722173696
